45:C 25 Aug 2026 16:01:14.910 * oO0OoO0OoO0Oo Redis is starting oO0OoO0OoO0Oo
45:C 25 Aug 2026 16:01:14.914 * Redis version=8.10.1, bits=64, commit=00000000, modified=0, pid=45, just started
45:C 25 Aug 2026 16:01:14.920 * Configuration loaded
45:M 25 Aug 2026 16:01:14.928 # You requested maxclients of 10000 requiring at least 10032 max file descriptors.
45:M 25 Aug 2026 16:01:14.934 # Server can't set maximum open files to 10032 because of OS error: Operation not permitted.
45:M 25 Aug 2026 16:01:14.940 # Current maximum open files is 3200. maxclients has been reduced to 3168 to compensate for low ulimit. If you need higher maxclients increase 'ulimit -n'.
45:M 25 Aug 2026 16:01:14.940 * monotonic clock: POSIX clock_gettime
45:M 25 Aug 2026 16:01:14.944 * Running mode=standalone, port=26379.
45:M 25 Aug 2026 16:01:14.950 * Server initialized
45:M 25 Aug 2026 16:01:14.952 * Reading RDB base file on AOF loading...
45:M 25 Aug 2026 16:01:14.953 * Loading RDB produced by version 8.10.1
45:M 25 Aug 2026 16:01:14.953 * RDB age 306915 seconds
45:M 25 Aug 2026 16:01:14.953 * RDB memory usage when created 0.60 Mb
45:M 25 Aug 2026 16:01:14.953 * RDB is base AOF
45:M 25 Aug 2026 16:01:14.953 * Done loading RDB, keys loaded: 0, keys expired: 0.
45:M 25 Aug 2026 16:01:14.954 * DB loaded from base file appendonly.aof.1.base.rdb: 0.002 seconds
45:M 25 Aug 2026 16:01:15.005 * DB loaded from incr file appendonly.aof.1.incr.aof: 0.051 seconds
45:M 25 Aug 2026 16:01:15.005 * DB loaded from append only file: 0.055 seconds
45:M 25 Aug 2026 16:01:15.006 * Opening AOF incr file appendonly.aof.1.incr.aof on server start
45:M 25 Aug 2026 16:01:15.006 * Ready to accept connections tcp
45:M 25 Aug 2026 16:02:15.098 * 10000 changes in 60 seconds. Saving...
45:M 25 Aug 2026 16:02:15.105 * Background saving started by pid 46
46:C 25 Aug 2026 16:02:15.107 * BGSAVE done, 3 keys saved, 0 keys skipped, 2536 bytes written.
46:C 25 Aug 2026 16:02:15.108 * DB saved on disk
46:C 25 Aug 2026 16:02:15.108 * Fork CoW for RDB: current 0 MB, peak 0 MB, average 0 MB
45:M 25 Aug 2026 16:02:15.206 * Background saving terminated with success
45:M 25 Aug 2026 16:09:46.763 * 100 changes in 300 seconds. Saving...
45:M 25 Aug 2026 16:09:46.767 * Background saving started by pid 47
47:C 25 Aug 2026 16:09:46.770 * BGSAVE done, 7 keys saved, 0 keys skipped, 16263 bytes written.
47:C 25 Aug 2026 16:09:46.771 * DB saved on disk
47:C 25 Aug 2026 16:09:46.771 * Fork CoW for RDB: current 0 MB, peak 0 MB, average 0 MB
45:M 25 Aug 2026 16:09:46.868 * Background saving terminated with success
45:M 25 Aug 2026 16:14:47.053 * 100 changes in 300 seconds. Saving...
45:M 25 Aug 2026 16:14:47.057 * Background saving started by pid 48
48:C 25 Aug 2026 16:14:47.059 * BGSAVE done, 5 keys saved, 0 keys skipped, 4934 bytes written.
48:C 25 Aug 2026 16:14:47.062 * DB saved on disk
48:C 25 Aug 2026 16:14:47.062 * Fork CoW for RDB: current 0 MB, peak 0 MB, average 0 MB
45:M 25 Aug 2026 16:14:47.160 * Background saving terminated with success
45:M 25 Aug 2026 16:39:46.681 * 100 changes in 300 seconds. Saving...
45:M 25 Aug 2026 16:39:46.686 * Background saving started by pid 49
49:C 25 Aug 2026 16:39:46.688 * BGSAVE done, 5 keys saved, 0 keys skipped, 4934 bytes written.
49:C 25 Aug 2026 16:39:46.689 * DB saved on disk
49:C 25 Aug 2026 16:39:46.689 * Fork CoW for RDB: current 0 MB, peak 0 MB, average 0 MB
45:M 25 Aug 2026 16:39:46.789 * Background saving terminated with success
45:M 25 Aug 2026 16:51:19.920 * 100 changes in 300 seconds. Saving...
45:M 25 Aug 2026 16:51:19.928 * Background saving started by pid 50
50:C 25 Aug 2026 16:51:19.930 * BGSAVE done, 13 keys saved, 0 keys skipped, 5634 bytes written.
50:C 25 Aug 2026 16:51:19.931 * DB saved on disk
50:C 25 Aug 2026 16:51:19.931 * Fork CoW for RDB: current 0 MB, peak 0 MB, average 0 MB
45:M 25 Aug 2026 16:51:20.039 * Background saving terminated with success
45:M 25 Aug 2026 17:14:46.720 * 100 changes in 300 seconds. Saving...
45:M 25 Aug 2026 17:14:46.725 * Background saving started by pid 51
51:C 25 Aug 2026 17:14:46.727 * BGSAVE done, 8 keys saved, 0 keys skipped, 5187 bytes written.
51:C 25 Aug 2026 17:14:46.728 * DB saved on disk
51:C 25 Aug 2026 17:14:46.728 * Fork CoW for RDB: current 0 MB, peak 0 MB, average 0 MB
45:M 25 Aug 2026 17:14:46.828 * Background saving terminated with success
45:M 25 Aug 2026 17:39:16.757 * 100 changes in 300 seconds. Saving...
45:M 25 Aug 2026 17:39:16.761 * Background saving started by pid 52
52:C 25 Aug 2026 17:39:16.763 * BGSAVE done, 8 keys saved, 0 keys skipped, 5187 bytes written.
52:C 25 Aug 2026 17:39:16.766 * DB saved on disk
52:C 25 Aug 2026 17:39:16.766 * Fork CoW for RDB: current 0 MB, peak 0 MB, average 0 MB
45:M 25 Aug 2026 17:39:16.863 * Background saving terminated with success
45:M 25 Aug 2026 18:04:16.713 * 100 changes in 300 seconds. Saving...
45:M 25 Aug 2026 18:04:16.717 * Background saving started by pid 53
53:C 25 Aug 2026 18:04:16.719 * BGSAVE done, 8 keys saved, 0 keys skipped, 5187 bytes written.
53:C 25 Aug 2026 18:04:16.720 * DB saved on disk
53:C 25 Aug 2026 18:04:16.720 * Fork CoW for RDB: current 0 MB, peak 0 MB, average 0 MB
45:M 25 Aug 2026 18:04:16.822 * Background saving terminated with success
45:M 25 Aug 2026 18:25:24.533 * 100 changes in 300 seconds. Saving...
45:M 25 Aug 2026 18:25:24.538 * Background saving started by pid 54
54:C 25 Aug 2026 18:25:24.540 * BGSAVE done, 8 keys saved, 0 keys skipped, 5187 bytes written.
54:C 25 Aug 2026 18:25:24.543 * DB saved on disk
54:C 25 Aug 2026 18:25:24.543 * Fork CoW for RDB: current 0 MB, peak 0 MB, average 0 MB
45:M 25 Aug 2026 18:25:24.640 * Background saving terminated with success
45:M 25 Aug 2026 18:48:46.703 * 100 changes in 300 seconds. Saving...
45:M 25 Aug 2026 18:48:46.710 * Background saving started by pid 55
55:C 25 Aug 2026 18:48:46.712 * BGSAVE done, 8 keys saved, 0 keys skipped, 5187 bytes written.
55:C 25 Aug 2026 18:48:46.713 * DB saved on disk
55:C 25 Aug 2026 18:48:46.714 * Fork CoW for RDB: current 0 MB, peak 0 MB, average 0 MB
45:M 25 Aug 2026 18:48:46.815 * Background saving terminated with success
45:M 25 Aug 2026 19:13:16.747 * 100 changes in 300 seconds. Saving...
45:M 25 Aug 2026 19:13:16.754 * Background saving started by pid 56
56:C 25 Aug 2026 19:13:16.756 * BGSAVE done, 8 keys saved, 0 keys skipped, 5187 bytes written.
56:C 25 Aug 2026 19:13:16.759 * DB saved on disk
56:C 25 Aug 2026 19:13:16.759 * Fork CoW for RDB: current 0 MB, peak 0 MB, average 0 MB
45:M 25 Aug 2026 19:13:16.858 * Background saving terminated with success
45:M 25 Aug 2026 19:38:16.661 * 100 changes in 300 seconds. Saving...
45:M 25 Aug 2026 19:38:16.668 * Background saving started by pid 57
57:C 25 Aug 2026 19:38:16.670 * BGSAVE done, 8 keys saved, 0 keys skipped, 5187 bytes written.
57:C 25 Aug 2026 19:38:16.671 * DB saved on disk
57:C 25 Aug 2026 19:38:16.671 * Fork CoW for RDB: current 0 MB, peak 0 MB, average 0 MB
45:M 25 Aug 2026 19:38:16.771 * Background saving terminated with success
45:M 25 Aug 2026 20:02:16.675 * 100 changes in 300 seconds. Saving...
45:M 25 Aug 2026 20:02:16.679 * Background saving started by pid 58
58:C 25 Aug 2026 20:02:16.681 * BGSAVE done, 8 keys saved, 0 keys skipped, 5187 bytes written.
58:C 25 Aug 2026 20:02:16.682 * DB saved on disk
58:C 25 Aug 2026 20:02:16.682 * Fork CoW for RDB: current 0 MB, peak 0 MB, average 0 MB
45:M 25 Aug 2026 20:02:16.784 * Background saving terminated with success
45:M 25 Aug 2026 20:26:46.683 * 100 changes in 300 seconds. Saving...
45:M 25 Aug 2026 20:26:46.692 * Background saving started by pid 59
59:C 25 Aug 2026 20:26:46.696 * BGSAVE done, 8 keys saved, 0 keys skipped, 5187 bytes written.
59:C 25 Aug 2026 20:26:46.697 * DB saved on disk
59:C 25 Aug 2026 20:26:46.697 * Fork CoW for RDB: current 0 MB, peak 0 MB, average 0 MB
45:M 25 Aug 2026 20:26:46.793 * Background saving terminated with success
45:M 25 Aug 2026 20:51:46.697 * 100 changes in 300 seconds. Saving...
45:M 25 Aug 2026 20:51:46.702 * Background saving started by pid 60
60:C 25 Aug 2026 20:51:46.704 * BGSAVE done, 8 keys saved, 0 keys skipped, 5187 bytes written.
60:C 25 Aug 2026 20:51:46.705 * DB saved on disk
60:C 25 Aug 2026 20:51:46.705 * Fork CoW for RDB: current 0 MB, peak 0 MB, average 0 MB
45:M 25 Aug 2026 20:51:46.804 * Background saving terminated with success
45:M 25 Aug 2026 21:16:16.756 * 100 changes in 300 seconds. Saving...
45:M 25 Aug 2026 21:16:16.761 * Background saving started by pid 61
61:C 25 Aug 2026 21:16:16.763 * BGSAVE done, 8 keys saved, 0 keys skipped, 5187 bytes written.
61:C 25 Aug 2026 21:16:16.766 * DB saved on disk
61:C 25 Aug 2026 21:16:16.766 * Fork CoW for RDB: current 0 MB, peak 0 MB, average 0 MB
45:M 25 Aug 2026 21:16:16.865 * Background saving terminated with success
45:M 25 Aug 2026 21:41:16.707 * 100 changes in 300 seconds. Saving...
45:M 25 Aug 2026 21:41:16.715 * Background saving started by pid 62
62:C 25 Aug 2026 21:41:16.718 * BGSAVE done, 8 keys saved, 0 keys skipped, 5187 bytes written.
62:C 25 Aug 2026 21:41:16.719 * DB saved on disk
62:C 25 Aug 2026 21:41:16.719 * Fork CoW for RDB: current 0 MB, peak 0 MB, average 0 MB
45:M 25 Aug 2026 21:41:16.817 * Background saving terminated with success
45:M 25 Aug 2026 22:06:16.682 * 100 changes in 300 seconds. Saving...
45:M 25 Aug 2026 22:06:16.689 * Background saving started by pid 63
63:C 25 Aug 2026 22:06:16.692 * BGSAVE done, 8 keys saved, 0 keys skipped, 5187 bytes written.
63:C 25 Aug 2026 22:06:16.693 * DB saved on disk
63:C 25 Aug 2026 22:06:16.693 * Fork CoW for RDB: current 0 MB, peak 0 MB, average 0 MB
45:M 25 Aug 2026 22:06:16.791 * Background saving terminated with success
45:M 25 Aug 2026 22:30:46.746 * 100 changes in 300 seconds. Saving...
45:M 25 Aug 2026 22:30:46.755 * Background saving started by pid 64
64:C 25 Aug 2026 22:30:46.757 * BGSAVE done, 8 keys saved, 0 keys skipped, 5187 bytes written.
64:C 25 Aug 2026 22:30:46.760 * DB saved on disk
64:C 25 Aug 2026 22:30:46.760 * Fork CoW for RDB: current 0 MB, peak 0 MB, average 0 MB
45:M 25 Aug 2026 22:30:46.857 * Background saving terminated with success
45:M 25 Aug 2026 22:55:46.683 * 100 changes in 300 seconds. Saving...
45:M 25 Aug 2026 22:55:46.691 * Background saving started by pid 65
65:C 25 Aug 2026 22:55:46.694 * BGSAVE done, 8 keys saved, 0 keys skipped, 5187 bytes written.
65:C 25 Aug 2026 22:55:46.695 * DB saved on disk
65:C 25 Aug 2026 22:55:46.695 * Fork CoW for RDB: current 0 MB, peak 0 MB, average 0 MB
45:M 25 Aug 2026 22:55:46.792 * Background saving terminated with success
45:M 25 Aug 2026 23:20:16.676 * 100 changes in 300 seconds. Saving...
45:M 25 Aug 2026 23:20:16.682 * Background saving started by pid 66
66:C 25 Aug 2026 23:20:16.684 * BGSAVE done, 8 keys saved, 0 keys skipped, 5187 bytes written.
66:C 25 Aug 2026 23:20:16.685 * DB saved on disk
66:C 25 Aug 2026 23:20:16.685 * Fork CoW for RDB: current 0 MB, peak 0 MB, average 0 MB
45:M 25 Aug 2026 23:20:16.784 * Background saving terminated with success
45:M 25 Aug 2026 23:45:16.705 * 100 changes in 300 seconds. Saving...
45:M 25 Aug 2026 23:45:16.712 * Background saving started by pid 67
67:C 25 Aug 2026 23:45:16.714 * BGSAVE done, 8 keys saved, 0 keys skipped, 5187 bytes written.
67:C 25 Aug 2026 23:45:16.715 * DB saved on disk
67:C 25 Aug 2026 23:45:16.715 * Fork CoW for RDB: current 0 MB, peak 0 MB, average 0 MB
45:M 25 Aug 2026 23:45:16.816 * Background saving terminated with success
45:M 26 Aug 2026 00:09:46.743 * 100 changes in 300 seconds. Saving...
45:M 26 Aug 2026 00:09:46.750 * Background saving started by pid 68
68:C 26 Aug 2026 00:09:46.752 * BGSAVE done, 8 keys saved, 0 keys skipped, 5187 bytes written.
68:C 26 Aug 2026 00:09:46.755 * DB saved on disk
68:C 26 Aug 2026 00:09:46.755 * Fork CoW for RDB: current 0 MB, peak 0 MB, average 0 MB
45:M 26 Aug 2026 00:09:46.866 * Background saving terminated with success
45:M 26 Aug 2026 00:34:46.685 * 100 changes in 300 seconds. Saving...
45:M 26 Aug 2026 00:34:46.692 * Background saving started by pid 69
69:C 26 Aug 2026 00:34:46.694 * BGSAVE done, 8 keys saved, 0 keys skipped, 5187 bytes written.
69:C 26 Aug 2026 00:34:46.695 * DB saved on disk
69:C 26 Aug 2026 00:34:46.695 * Fork CoW for RDB: current 0 MB, peak 0 MB, average 0 MB
45:M 26 Aug 2026 00:34:46.795 * Background saving terminated with success
45:M 26 Aug 2026 00:59:46.691 * 100 changes in 300 seconds. Saving...
45:M 26 Aug 2026 00:59:46.699 * Background saving started by pid 70
70:C 26 Aug 2026 00:59:46.701 * BGSAVE done, 8 keys saved, 0 keys skipped, 5187 bytes written.
70:C 26 Aug 2026 00:59:46.702 * DB saved on disk
70:C 26 Aug 2026 00:59:46.703 * Fork CoW for RDB: current 0 MB, peak 0 MB, average 0 MB
45:M 26 Aug 2026 00:59:46.801 * Background saving terminated with success
45:M 26 Aug 2026 01:24:16.699 * 100 changes in 300 seconds. Saving...
45:M 26 Aug 2026 01:24:16.707 * Background saving started by pid 71
71:C 26 Aug 2026 01:24:16.709 * BGSAVE done, 8 keys saved, 0 keys skipped, 5187 bytes written.
71:C 26 Aug 2026 01:24:16.710 * DB saved on disk
71:C 26 Aug 2026 01:24:16.710 * Fork CoW for RDB: current 0 MB, peak 0 MB, average 0 MB
45:M 26 Aug 2026 01:24:16.810 * Background saving terminated with success
45:M 26 Aug 2026 01:49:16.734 * 100 changes in 300 seconds. Saving...
45:M 26 Aug 2026 01:49:16.741 * Background saving started by pid 72
72:C 26 Aug 2026 01:49:16.743 * BGSAVE done, 8 keys saved, 0 keys skipped, 5187 bytes written.
72:C 26 Aug 2026 01:49:16.744 * DB saved on disk
72:C 26 Aug 2026 01:49:16.744 * Fork CoW for RDB: current 0 MB, peak 0 MB, average 0 MB
45:M 26 Aug 2026 01:49:16.844 * Background saving terminated with success
45:M 26 Aug 2026 02:13:46.731 * 100 changes in 300 seconds. Saving...
45:M 26 Aug 2026 02:13:46.736 * Background saving started by pid 73
73:C 26 Aug 2026 02:13:46.738 * BGSAVE done, 8 keys saved, 0 keys skipped, 5187 bytes written.
73:C 26 Aug 2026 02:13:46.739 * DB saved on disk
73:C 26 Aug 2026 02:13:46.739 * Fork CoW for RDB: current 0 MB, peak 0 MB, average 0 MB
45:M 26 Aug 2026 02:13:46.841 * Background saving terminated with success
45:M 26 Aug 2026 02:38:46.697 * 100 changes in 300 seconds. Saving...
45:M 26 Aug 2026 02:38:46.705 * Background saving started by pid 74
74:C 26 Aug 2026 02:38:46.707 * BGSAVE done, 8 keys saved, 0 keys skipped, 5187 bytes written.
74:C 26 Aug 2026 02:38:46.708 * DB saved on disk
74:C 26 Aug 2026 02:38:46.708 * Fork CoW for RDB: current 0 MB, peak 0 MB, average 0 MB
45:M 26 Aug 2026 02:38:46.809 * Background saving terminated with success
45:M 26 Aug 2026 03:03:46.725 * 100 changes in 300 seconds. Saving...
45:M 26 Aug 2026 03:03:46.733 * Background saving started by pid 75
75:C 26 Aug 2026 03:03:46.735 * BGSAVE done, 8 keys saved, 0 keys skipped, 5187 bytes written.
75:C 26 Aug 2026 03:03:46.736 * DB saved on disk
75:C 26 Aug 2026 03:03:46.736 * Fork CoW for RDB: current 0 MB, peak 0 MB, average 0 MB
45:M 26 Aug 2026 03:03:46.835 * Background saving terminated with success
45:M 26 Aug 2026 03:28:16.694 * 100 changes in 300 seconds. Saving...
45:M 26 Aug 2026 03:28:16.699 * Background saving started by pid 76
76:C 26 Aug 2026 03:28:16.701 * BGSAVE done, 8 keys saved, 0 keys skipped, 5187 bytes written.
76:C 26 Aug 2026 03:28:16.702 * DB saved on disk
76:C 26 Aug 2026 03:28:16.702 * Fork CoW for RDB: current 0 MB, peak 0 MB, average 0 MB
45:M 26 Aug 2026 03:28:16.804 * Background saving terminated with success
45:M 26 Aug 2026 03:53:16.739 * 100 changes in 300 seconds. Saving...
45:M 26 Aug 2026 03:53:16.747 * Background saving started by pid 77
77:C 26 Aug 2026 03:53:16.749 * BGSAVE done, 8 keys saved, 0 keys skipped, 5187 bytes written.
77:C 26 Aug 2026 03:53:16.750 * DB saved on disk
77:C 26 Aug 2026 03:53:16.750 * Fork CoW for RDB: current 0 MB, peak 0 MB, average 0 MB
45:M 26 Aug 2026 03:53:16.848 * Background saving terminated with success
45:M 26 Aug 2026 04:17:46.727 * 100 changes in 300 seconds. Saving...
45:M 26 Aug 2026 04:17:46.734 * Background saving started by pid 78
78:C 26 Aug 2026 04:17:46.736 * BGSAVE done, 8 keys saved, 0 keys skipped, 5187 bytes written.
78:C 26 Aug 2026 04:17:46.737 * DB saved on disk
78:C 26 Aug 2026 04:17:46.738 * Fork CoW for RDB: current 0 MB, peak 0 MB, average 0 MB
45:M 26 Aug 2026 04:17:46.838 * Background saving terminated with success
45:M 26 Aug 2026 04:42:46.736 * 100 changes in 300 seconds. Saving...
45:M 26 Aug 2026 04:42:46.746 * Background saving started by pid 79
79:C 26 Aug 2026 04:42:46.748 * BGSAVE done, 8 keys saved, 0 keys skipped, 5187 bytes written.
79:C 26 Aug 2026 04:42:46.749 * DB saved on disk
79:C 26 Aug 2026 04:42:46.749 * Fork CoW for RDB: current 0 MB, peak 0 MB, average 0 MB
45:M 26 Aug 2026 04:42:46.860 * Background saving terminated with success
45:M 26 Aug 2026 05:07:46.698 * 100 changes in 300 seconds. Saving...
45:M 26 Aug 2026 05:07:46.705 * Background saving started by pid 80
80:C 26 Aug 2026 05:07:46.707 * BGSAVE done, 8 keys saved, 0 keys skipped, 5187 bytes written.
80:C 26 Aug 2026 05:07:46.708 * DB saved on disk
80:C 26 Aug 2026 05:07:46.708 * Fork CoW for RDB: current 0 MB, peak 0 MB, average 0 MB
45:M 26 Aug 2026 05:07:46.806 * Background saving terminated with success
45:M 26 Aug 2026 05:32:16.675 * 100 changes in 300 seconds. Saving...
45:M 26 Aug 2026 05:32:16.682 * Background saving started by pid 81
81:C 26 Aug 2026 05:32:16.684 * BGSAVE done, 8 keys saved, 0 keys skipped, 5187 bytes written.
81:C 26 Aug 2026 05:32:16.685 * DB saved on disk
81:C 26 Aug 2026 05:32:16.685 * Fork CoW for RDB: current 0 MB, peak 0 MB, average 0 MB
45:M 26 Aug 2026 05:32:16.784 * Background saving terminated with success
45:M 26 Aug 2026 05:57:16.681 * 100 changes in 300 seconds. Saving...
45:M 26 Aug 2026 05:57:16.688 * Background saving started by pid 82
82:C 26 Aug 2026 05:57:16.690 * BGSAVE done, 8 keys saved, 0 keys skipped, 5187 bytes written.
82:C 26 Aug 2026 05:57:16.691 * DB saved on disk
82:C 26 Aug 2026 05:57:16.691 * Fork CoW for RDB: current 0 MB, peak 0 MB, average 0 MB
45:M 26 Aug 2026 05:57:16.791 * Background saving terminated with success
45:M 26 Aug 2026 06:21:46.665 * 100 changes in 300 seconds. Saving...
45:M 26 Aug 2026 06:21:46.673 * Background saving started by pid 83
83:C 26 Aug 2026 06:21:46.675 * BGSAVE done, 8 keys saved, 0 keys skipped, 5187 bytes written.
83:C 26 Aug 2026 06:21:46.676 * DB saved on disk
83:C 26 Aug 2026 06:21:46.676 * Fork CoW for RDB: current 0 MB, peak 0 MB, average 0 MB
45:M 26 Aug 2026 06:21:46.775 * Background saving terminated with success
45:M 26 Aug 2026 06:46:46.669 * 100 changes in 300 seconds. Saving...
45:M 26 Aug 2026 06:46:46.677 * Background saving started by pid 84
84:C 26 Aug 2026 06:46:46.678 * BGSAVE done, 8 keys saved, 0 keys skipped, 5187 bytes written.
84:C 26 Aug 2026 06:46:46.680 * DB saved on disk
84:C 26 Aug 2026 06:46:46.680 * Fork CoW for RDB: current 0 MB, peak 0 MB, average 0 MB
45:M 26 Aug 2026 06:46:46.779 * Background saving terminated with success
45:M 26 Aug 2026 07:11:16.744 * 100 changes in 300 seconds. Saving...
45:M 26 Aug 2026 07:11:16.748 * Background saving started by pid 85
85:C 26 Aug 2026 07:11:16.750 * BGSAVE done, 8 keys saved, 0 keys skipped, 5187 bytes written.
85:C 26 Aug 2026 07:11:16.753 * DB saved on disk
85:C 26 Aug 2026 07:11:16.753 * Fork CoW for RDB: current 0 MB, peak 0 MB, average 0 MB
45:M 26 Aug 2026 07:11:16.854 * Background saving terminated with success
45:M 26 Aug 2026 07:36:16.758 * 100 changes in 300 seconds. Saving...
45:M 26 Aug 2026 07:36:16.766 * Background saving started by pid 86
86:C 26 Aug 2026 07:36:16.767 * BGSAVE done, 8 keys saved, 0 keys skipped, 5187 bytes written.
86:C 26 Aug 2026 07:36:16.770 * DB saved on disk
86:C 26 Aug 2026 07:36:16.771 * Fork CoW for RDB: current 0 MB, peak 0 MB, average 0 MB
45:M 26 Aug 2026 07:36:16.870 * Background saving terminated with success
45:M 26 Aug 2026 08:01:16.684 * 100 changes in 300 seconds. Saving...
45:M 26 Aug 2026 08:01:16.691 * Background saving started by pid 87
87:C 26 Aug 2026 08:01:16.693 * BGSAVE done, 8 keys saved, 0 keys skipped, 5187 bytes written.
87:C 26 Aug 2026 08:01:16.694 * DB saved on disk
87:C 26 Aug 2026 08:01:16.694 * Fork CoW for RDB: current 0 MB, peak 0 MB, average 0 MB
45:M 26 Aug 2026 08:01:16.794 * Background saving terminated with success
45:M 26 Aug 2026 08:25:46.698 * 100 changes in 300 seconds. Saving...
45:M 26 Aug 2026 08:25:46.707 * Background saving started by pid 88
88:C 26 Aug 2026 08:25:46.709 * BGSAVE done, 8 keys saved, 0 keys skipped, 5187 bytes written.
88:C 26 Aug 2026 08:25:46.710 * DB saved on disk
88:C 26 Aug 2026 08:25:46.710 * Fork CoW for RDB: current 0 MB, peak 0 MB, average 0 MB
45:M 26 Aug 2026 08:25:46.808 * Background saving terminated with success
45:M 26 Aug 2026 08:50:46.734 * 100 changes in 300 seconds. Saving...
45:M 26 Aug 2026 08:50:46.740 * Background saving started by pid 89
89:C 26 Aug 2026 08:50:46.742 * BGSAVE done, 8 keys saved, 0 keys skipped, 5187 bytes written.
89:C 26 Aug 2026 08:50:46.744 * DB saved on disk
89:C 26 Aug 2026 08:50:46.744 * Fork CoW for RDB: current 0 MB, peak 0 MB, average 0 MB
45:M 26 Aug 2026 08:50:46.843 * Background saving terminated with success
45:M 26 Aug 2026 09:15:16.731 * 100 changes in 300 seconds. Saving...
45:M 26 Aug 2026 09:15:16.740 * Background saving started by pid 90
90:C 26 Aug 2026 09:15:16.742 * BGSAVE done, 8 keys saved, 0 keys skipped, 5187 bytes written.
90:C 26 Aug 2026 09:15:16.744 * DB saved on disk
90:C 26 Aug 2026 09:15:16.744 * Fork CoW for RDB: current 0 MB, peak 0 MB, average 0 MB
45:M 26 Aug 2026 09:15:16.855 * Background saving terminated with success
45:M 26 Aug 2026 09:40:16.720 * 100 changes in 300 seconds. Saving...
45:M 26 Aug 2026 09:40:16.729 * Background saving started by pid 91
91:C 26 Aug 2026 09:40:16.731 * BGSAVE done, 8 keys saved, 0 keys skipped, 5187 bytes written.
91:C 26 Aug 2026 09:40:16.732 * DB saved on disk
91:C 26 Aug 2026 09:40:16.732 * Fork CoW for RDB: current 0 MB, peak 0 MB, average 0 MB
45:M 26 Aug 2026 09:40:16.844 * Background saving terminated with success
45:M 26 Aug 2026 10:05:16.669 * 100 changes in 300 seconds. Saving...
45:M 26 Aug 2026 10:05:16.678 * Background saving started by pid 92
92:C 26 Aug 2026 10:05:16.680 * BGSAVE done, 8 keys saved, 0 keys skipped, 5187 bytes written.
92:C 26 Aug 2026 10:05:16.681 * DB saved on disk
92:C 26 Aug 2026 10:05:16.681 * Fork CoW for RDB: current 0 MB, peak 0 MB, average 0 MB
45:M 26 Aug 2026 10:05:16.792 * Background saving terminated with success
45:M 26 Aug 2026 10:10:17.073 * 100 changes in 300 seconds. Saving...
45:M 26 Aug 2026 10:10:17.082 * Background saving started by pid 93
93:C 26 Aug 2026 10:10:17.086 * BGSAVE done, 5 keys saved, 0 keys skipped, 3456 bytes written.
93:C 26 Aug 2026 10:10:17.089 * DB saved on disk
93:C 26 Aug 2026 10:10:17.089 * Fork CoW for RDB: current 0 MB, peak 0 MB, average 0 MB
45:M 26 Aug 2026 10:10:17.197 * Background saving terminated with success
45:M 26 Aug 2026 10:35:16.687 * 100 changes in 300 seconds. Saving...
45:M 26 Aug 2026 10:35:16.696 * Background saving started by pid 95
95:C 26 Aug 2026 10:35:16.698 * BGSAVE done, 5 keys saved, 0 keys skipped, 3456 bytes written.
95:C 26 Aug 2026 10:35:16.700 * DB saved on disk
95:C 26 Aug 2026 10:35:16.700 * Fork CoW for RDB: current 0 MB, peak 0 MB, average 0 MB
45:M 26 Aug 2026 10:35:16.810 * Background saving terminated with success
45:M 26 Aug 2026 11:00:16.668 * 100 changes in 300 seconds. Saving...
45:M 26 Aug 2026 11:00:16.673 * Background saving started by pid 96
96:C 26 Aug 2026 11:00:16.675 * BGSAVE done, 5 keys saved, 0 keys skipped, 3456 bytes written.
96:C 26 Aug 2026 11:00:16.676 * DB saved on disk
96:C 26 Aug 2026 11:00:16.676 * Fork CoW for RDB: current 0 MB, peak 0 MB, average 0 MB
45:M 26 Aug 2026 11:00:16.777 * Background saving terminated with success
45:M 26 Aug 2026 11:24:46.748 * 100 changes in 300 seconds. Saving...
45:M 26 Aug 2026 11:24:46.756 * Background saving started by pid 97
97:C 26 Aug 2026 11:24:46.759 * BGSAVE done, 5 keys saved, 0 keys skipped, 3456 bytes written.
97:C 26 Aug 2026 11:24:46.762 * DB saved on disk
97:C 26 Aug 2026 11:24:46.762 * Fork CoW for RDB: current 0 MB, peak 0 MB, average 0 MB
45:M 26 Aug 2026 11:24:46.857 * Background saving terminated with success
45:M 26 Aug 2026 11:49:46.747 * 100 changes in 300 seconds. Saving...
45:M 26 Aug 2026 11:49:46.757 * Background saving started by pid 102
102:C 26 Aug 2026 11:49:46.760 * BGSAVE done, 5 keys saved, 0 keys skipped, 3456 bytes written.
102:C 26 Aug 2026 11:49:46.763 * DB saved on disk
102:C 26 Aug 2026 11:49:46.763 * Fork CoW for RDB: current 0 MB, peak 0 MB, average 0 MB
45:M 26 Aug 2026 11:49:46.869 * Background saving terminated with success
45:M 26 Aug 2026 12:14:16.754 * 100 changes in 300 seconds. Saving...
45:M 26 Aug 2026 12:14:16.763 * Background saving started by pid 103
103:C 26 Aug 2026 12:14:16.765 * BGSAVE done, 5 keys saved, 0 keys skipped, 3456 bytes written.
103:C 26 Aug 2026 12:14:16.768 * DB saved on disk
103:C 26 Aug 2026 12:14:16.768 * Fork CoW for RDB: current 0 MB, peak 0 MB, average 0 MB
45:M 26 Aug 2026 12:14:16.876 * Background saving terminated with success
45:M 26 Aug 2026 12:39:16.679 * 100 changes in 300 seconds. Saving...
45:M 26 Aug 2026 12:39:16.688 * Background saving started by pid 104
104:C 26 Aug 2026 12:39:16.690 * BGSAVE done, 5 keys saved, 0 keys skipped, 3456 bytes written.
104:C 26 Aug 2026 12:39:16.691 * DB saved on disk
104:C 26 Aug 2026 12:39:16.691 * Fork CoW for RDB: current 0 MB, peak 0 MB, average 0 MB
45:M 26 Aug 2026 12:39:16.789 * Background saving terminated with success
45:M 26 Aug 2026 13:04:16.733 * 100 changes in 300 seconds. Saving...
45:M 26 Aug 2026 13:04:16.743 * Background saving started by pid 105
105:C 26 Aug 2026 13:04:16.745 * BGSAVE done, 5 keys saved, 0 keys skipped, 3456 bytes written.
105:C 26 Aug 2026 13:04:16.747 * DB saved on disk
105:C 26 Aug 2026 13:04:16.747 * Fork CoW for RDB: current 0 MB, peak 0 MB, average 0 MB
45:M 26 Aug 2026 13:04:16.857 * Background saving terminated with success
45:M 26 Aug 2026 13:28:46.720 * 100 changes in 300 seconds. Saving...
45:M 26 Aug 2026 13:28:46.728 * Background saving started by pid 106
106:C 26 Aug 2026 13:28:46.731 * BGSAVE done, 5 keys saved, 0 keys skipped, 3456 bytes written.
106:C 26 Aug 2026 13:28:46.732 * DB saved on disk
106:C 26 Aug 2026 13:28:46.732 * Fork CoW for RDB: current 0 MB, peak 0 MB, average 0 MB
45:M 26 Aug 2026 13:28:46.829 * Background saving terminated with success
45:M 26 Aug 2026 13:45:12.688 * 100 changes in 300 seconds. Saving...
45:M 26 Aug 2026 13:45:12.693 * Background saving started by pid 107
107:C 26 Aug 2026 13:45:12.695 * BGSAVE done, 7 keys saved, 0 keys skipped, 10771 bytes written.
107:C 26 Aug 2026 13:45:12.696 * DB saved on disk
107:C 26 Aug 2026 13:45:12.696 * Fork CoW for RDB: current 0 MB, peak 0 MB, average 0 MB
45:M 26 Aug 2026 13:45:12.795 * Background saving terminated with success
45:M 26 Aug 2026 13:50:13.096 * 100 changes in 300 seconds. Saving...
45:M 26 Aug 2026 13:50:13.106 * Background saving started by pid 108
108:C 26 Aug 2026 13:50:13.109 * BGSAVE done, 5 keys saved, 0 keys skipped, 3456 bytes written.
108:C 26 Aug 2026 13:50:13.112 * DB saved on disk
108:C 26 Aug 2026 13:50:13.113 * Fork CoW for RDB: current 0 MB, peak 0 MB, average 0 MB
45:M 26 Aug 2026 13:50:13.220 * Background saving terminated with success
45:M 26 Aug 2026 13:57:31.850 * 100 changes in 300 seconds. Saving...
45:M 26 Aug 2026 13:57:31.859 * Background saving started by pid 109
109:C 26 Aug 2026 13:57:31.862 * BGSAVE done, 10 keys saved, 0 keys skipped, 6345 bytes written.
109:C 26 Aug 2026 13:57:31.865 * DB saved on disk
109:C 26 Aug 2026 13:57:31.866 * Fork CoW for RDB: current 0 MB, peak 0 MB, average 0 MB
45:M 26 Aug 2026 13:57:31.972 * Background saving terminated with success
45:M 26 Aug 2026 14:12:40.407 * 100 changes in 300 seconds. Saving...
45:M 26 Aug 2026 14:12:40.416 * Background saving started by pid 110
110:C 26 Aug 2026 14:12:40.418 * BGSAVE done, 8 keys saved, 0 keys skipped, 3694 bytes written.
110:C 26 Aug 2026 14:12:40.419 * DB saved on disk
110:C 26 Aug 2026 14:12:40.420 * Fork CoW for RDB: current 0 MB, peak 0 MB, average 0 MB
45:M 26 Aug 2026 14:12:40.530 * Background saving terminated with success
45:M 26 Aug 2026 14:37:40.459 * 100 changes in 300 seconds. Saving...
45:M 26 Aug 2026 14:37:40.466 * Background saving started by pid 111
111:C 26 Aug 2026 14:37:40.468 * BGSAVE done, 8 keys saved, 0 keys skipped, 3694 bytes written.
111:C 26 Aug 2026 14:37:40.471 * DB saved on disk
111:C 26 Aug 2026 14:37:40.472 * Fork CoW for RDB: current 0 MB, peak 0 MB, average 0 MB
45:M 26 Aug 2026 14:37:40.569 * Background saving terminated with success
45:M 26 Aug 2026 15:02:10.443 * 100 changes in 300 seconds. Saving...
45:M 26 Aug 2026 15:02:10.452 * Background saving started by pid 112
112:C 26 Aug 2026 15:02:10.454 * BGSAVE done, 8 keys saved, 0 keys skipped, 3694 bytes written.
112:C 26 Aug 2026 15:02:10.458 * DB saved on disk
112:C 26 Aug 2026 15:02:10.458 * Fork CoW for RDB: current 0 MB, peak 0 MB, average 0 MB
45:M 26 Aug 2026 15:02:10.567 * Background saving terminated with success
45:M 26 Aug 2026 15:25:15.194 * 100 changes in 300 seconds. Saving...
45:M 26 Aug 2026 15:25:15.203 * Background saving started by pid 113
113:C 26 Aug 2026 15:25:15.205 * BGSAVE done, 8 keys saved, 0 keys skipped, 3694 bytes written.
113:C 26 Aug 2026 15:25:15.206 * DB saved on disk
113:C 26 Aug 2026 15:25:15.206 * Fork CoW for RDB: current 0 MB, peak 0 MB, average 0 MB
45:M 26 Aug 2026 15:25:15.305 * Background saving terminated with success
45:M 26 Aug 2026 15:50:15.264 * 100 changes in 300 seconds. Saving...
45:M 26 Aug 2026 15:50:15.272 * Background saving started by pid 114
114:C 26 Aug 2026 15:50:15.274 * BGSAVE done, 8 keys saved, 0 keys skipped, 3694 bytes written.
114:C 26 Aug 2026 15:50:15.277 * DB saved on disk
114:C 26 Aug 2026 15:50:15.277 * Fork CoW for RDB: current 0 MB, peak 0 MB, average 0 MB
45:M 26 Aug 2026 15:50:15.387 * Background saving terminated with success
45:M 26 Aug 2026 16:11:11.491 * 100 changes in 300 seconds. Saving...
45:M 26 Aug 2026 16:11:11.496 * Background saving started by pid 115
115:C 26 Aug 2026 16:11:11.499 * BGSAVE done, 8 keys saved, 0 keys skipped, 3694 bytes written.
115:C 26 Aug 2026 16:11:11.500 * DB saved on disk
115:C 26 Aug 2026 16:11:11.500 * Fork CoW for RDB: current 0 MB, peak 0 MB, average 0 MB
45:M 26 Aug 2026 16:11:11.601 * Background saving terminated with success
45:M 26 Aug 2026 16:35:11.494 * 100 changes in 300 seconds. Saving...
45:M 26 Aug 2026 16:35:11.499 * Background saving started by pid 116
116:C 26 Aug 2026 16:35:11.502 * BGSAVE done, 8 keys saved, 0 keys skipped, 3694 bytes written.
116:C 26 Aug 2026 16:35:11.503 * DB saved on disk
116:C 26 Aug 2026 16:35:11.504 * Fork CoW for RDB: current 0 MB, peak 0 MB, average 0 MB
45:M 26 Aug 2026 16:35:11.602 * Background saving terminated with success
45:M 26 Aug 2026 17:00:11.477 * 100 changes in 300 seconds. Saving...
45:M 26 Aug 2026 17:00:11.485 * Background saving started by pid 117
117:C 26 Aug 2026 17:00:11.487 * BGSAVE done, 8 keys saved, 0 keys skipped, 3694 bytes written.
117:C 26 Aug 2026 17:00:11.488 * DB saved on disk
117:C 26 Aug 2026 17:00:11.488 * Fork CoW for RDB: current 0 MB, peak 0 MB, average 0 MB
45:M 26 Aug 2026 17:00:11.586 * Background saving terminated with success
45:M 26 Aug 2026 17:24:41.472 * 100 changes in 300 seconds. Saving...
45:M 26 Aug 2026 17:24:41.480 * Background saving started by pid 118
118:C 26 Aug 2026 17:24:41.482 * BGSAVE done, 8 keys saved, 0 keys skipped, 3694 bytes written.
118:C 26 Aug 2026 17:24:41.483 * DB saved on disk
118:C 26 Aug 2026 17:24:41.483 * Fork CoW for RDB: current 0 MB, peak 0 MB, average 0 MB
45:M 26 Aug 2026 17:24:41.583 * Background saving terminated with success
45:M 26 Aug 2026 17:49:41.459 * 100 changes in 300 seconds. Saving...
45:M 26 Aug 2026 17:49:41.466 * Background saving started by pid 119
119:C 26 Aug 2026 17:49:41.469 * BGSAVE done, 8 keys saved, 0 keys skipped, 3694 bytes written.
119:C 26 Aug 2026 17:49:41.470 * DB saved on disk
119:C 26 Aug 2026 17:49:41.470 * Fork CoW for RDB: current 0 MB, peak 0 MB, average 0 MB
45:M 26 Aug 2026 17:49:41.569 * Background saving terminated with success
45:M 26 Aug 2026 18:14:11.545 * 100 changes in 300 seconds. Saving...
45:M 26 Aug 2026 18:14:11.552 * Background saving started by pid 120
120:C 26 Aug 2026 18:14:11.554 * BGSAVE done, 8 keys saved, 0 keys skipped, 3694 bytes written.
120:C 26 Aug 2026 18:14:11.557 * DB saved on disk
120:C 26 Aug 2026 18:14:11.557 * Fork CoW for RDB: current 0 MB, peak 0 MB, average 0 MB
45:M 26 Aug 2026 18:14:11.656 * Background saving terminated with success
45:M 26 Aug 2026 18:39:11.452 * 100 changes in 300 seconds. Saving...
45:M 26 Aug 2026 18:39:11.460 * Background saving started by pid 121
121:C 26 Aug 2026 18:39:11.461 * BGSAVE done, 8 keys saved, 0 keys skipped, 3694 bytes written.
121:C 26 Aug 2026 18:39:11.463 * DB saved on disk
121:C 26 Aug 2026 18:39:11.463 * Fork CoW for RDB: current 0 MB, peak 0 MB, average 0 MB
45:M 26 Aug 2026 18:39:11.567 * Background saving terminated with success
45:M 26 Aug 2026 19:04:11.503 * 100 changes in 300 seconds. Saving...
45:M 26 Aug 2026 19:04:11.507 * Background saving started by pid 122
122:C 26 Aug 2026 19:04:11.509 * BGSAVE done, 8 keys saved, 0 keys skipped, 3694 bytes written.
122:C 26 Aug 2026 19:04:11.510 * DB saved on disk
122:C 26 Aug 2026 19:04:11.511 * Fork CoW for RDB: current 0 MB, peak 0 MB, average 0 MB
45:M 26 Aug 2026 19:04:11.613 * Background saving terminated with success
45:M 26 Aug 2026 19:28:41.491 * 100 changes in 300 seconds. Saving...
45:M 26 Aug 2026 19:28:41.498 * Background saving started by pid 123
123:C 26 Aug 2026 19:28:41.500 * BGSAVE done, 8 keys saved, 0 keys skipped, 3694 bytes written.
123:C 26 Aug 2026 19:28:41.501 * DB saved on disk
123:C 26 Aug 2026 19:28:41.501 * Fork CoW for RDB: current 0 MB, peak 0 MB, average 0 MB
45:M 26 Aug 2026 19:28:41.603 * Background saving terminated with success
45:M 26 Aug 2026 19:53:41.551 * 100 changes in 300 seconds. Saving...
45:M 26 Aug 2026 19:53:41.559 * Background saving started by pid 124
124:C 26 Aug 2026 19:53:41.561 * BGSAVE done, 8 keys saved, 0 keys skipped, 3694 bytes written.
124:C 26 Aug 2026 19:53:41.564 * DB saved on disk
124:C 26 Aug 2026 19:53:41.564 * Fork CoW for RDB: current 0 MB, peak 0 MB, average 0 MB
45:M 26 Aug 2026 19:53:41.663 * Background saving terminated with success
45:M 26 Aug 2026 20:18:11.542 * 100 changes in 300 seconds. Saving...
45:M 26 Aug 2026 20:18:11.549 * Background saving started by pid 125
125:C 26 Aug 2026 20:18:11.551 * BGSAVE done, 8 keys saved, 0 keys skipped, 3694 bytes written.
125:C 26 Aug 2026 20:18:11.554 * DB saved on disk
125:C 26 Aug 2026 20:18:11.554 * Fork CoW for RDB: current 0 MB, peak 0 MB, average 0 MB
45:M 26 Aug 2026 20:18:11.652 * Background saving terminated with success
45:M 26 Aug 2026 20:43:11.510 * 100 changes in 300 seconds. Saving...
45:M 26 Aug 2026 20:43:11.518 * Background saving started by pid 126
126:C 26 Aug 2026 20:43:11.520 * BGSAVE done, 8 keys saved, 0 keys skipped, 3694 bytes written.
126:C 26 Aug 2026 20:43:11.521 * DB saved on disk
126:C 26 Aug 2026 20:43:11.521 * Fork CoW for RDB: current 0 MB, peak 0 MB, average 0 MB
45:M 26 Aug 2026 20:43:11.618 * Background saving terminated with success
45:M 26 Aug 2026 21:08:11.545 * 100 changes in 300 seconds. Saving...
45:M 26 Aug 2026 21:08:11.550 * Background saving started by pid 127
127:C 26 Aug 2026 21:08:11.552 * BGSAVE done, 8 keys saved, 0 keys skipped, 3694 bytes written.
127:C 26 Aug 2026 21:08:11.554 * DB saved on disk
127:C 26 Aug 2026 21:08:11.554 * Fork CoW for RDB: current 0 MB, peak 0 MB, average 0 MB
45:M 26 Aug 2026 21:08:11.654 * Background saving terminated with success
45:M 26 Aug 2026 21:32:41.530 * 100 changes in 300 seconds. Saving...
45:M 26 Aug 2026 21:32:41.538 * Background saving started by pid 128
128:C 26 Aug 2026 21:32:41.540 * BGSAVE done, 8 keys saved, 0 keys skipped, 3694 bytes written.
128:C 26 Aug 2026 21:32:41.541 * DB saved on disk
128:C 26 Aug 2026 21:32:41.541 * Fork CoW for RDB: current 0 MB, peak 0 MB, average 0 MB
45:M 26 Aug 2026 21:32:41.652 * Background saving terminated with success
45:M 26 Aug 2026 21:57:41.558 * 100 changes in 300 seconds. Saving...
45:M 26 Aug 2026 21:57:41.564 * Background saving started by pid 129
129:C 26 Aug 2026 21:57:41.565 * BGSAVE done, 8 keys saved, 0 keys skipped, 3694 bytes written.
129:C 26 Aug 2026 21:57:41.568 * DB saved on disk
129:C 26 Aug 2026 21:57:41.568 * Fork CoW for RDB: current 0 MB, peak 0 MB, average 0 MB
45:M 26 Aug 2026 21:57:41.669 * Background saving terminated with success
45:M 26 Aug 2026 22:22:11.447 * 100 changes in 300 seconds. Saving...
45:M 26 Aug 2026 22:22:11.455 * Background saving started by pid 130
130:C 26 Aug 2026 22:22:11.457 * BGSAVE done, 8 keys saved, 0 keys skipped, 3694 bytes written.
130:C 26 Aug 2026 22:22:11.458 * DB saved on disk
130:C 26 Aug 2026 22:22:11.458 * Fork CoW for RDB: current 0 MB, peak 0 MB, average 0 MB
45:M 26 Aug 2026 22:22:11.561 * Background saving terminated with success
45:M 26 Aug 2026 22:47:11.520 * 100 changes in 300 seconds. Saving...
45:M 26 Aug 2026 22:47:11.525 * Background saving started by pid 131
131:C 26 Aug 2026 22:47:11.527 * BGSAVE done, 8 keys saved, 0 keys skipped, 3694 bytes written.
131:C 26 Aug 2026 22:47:11.528 * DB saved on disk
131:C 26 Aug 2026 22:47:11.528 * Fork CoW for RDB: current 0 MB, peak 0 MB, average 0 MB
45:M 26 Aug 2026 22:47:11.626 * Background saving terminated with success
45:M 26 Aug 2026 23:11:41.487 * 100 changes in 300 seconds. Saving...
45:M 26 Aug 2026 23:11:41.495 * Background saving started by pid 132
132:C 26 Aug 2026 23:11:41.497 * BGSAVE done, 8 keys saved, 0 keys skipped, 3694 bytes written.
132:C 26 Aug 2026 23:11:41.498 * DB saved on disk
132:C 26 Aug 2026 23:11:41.498 * Fork CoW for RDB: current 0 MB, peak 0 MB, average 0 MB
45:M 26 Aug 2026 23:11:41.596 * Background saving terminated with success
45:M 26 Aug 2026 23:36:41.475 * 100 changes in 300 seconds. Saving...
45:M 26 Aug 2026 23:36:41.481 * Background saving started by pid 133
133:C 26 Aug 2026 23:36:41.485 * BGSAVE done, 8 keys saved, 0 keys skipped, 3694 bytes written.
133:C 26 Aug 2026 23:36:41.486 * DB saved on disk
133:C 26 Aug 2026 23:36:41.486 * Fork CoW for RDB: current 0 MB, peak 0 MB, average 0 MB
45:M 26 Aug 2026 23:36:41.583 * Background saving terminated with success
45:M 27 Aug 2026 00:01:41.542 * 100 changes in 300 seconds. Saving...
45:M 27 Aug 2026 00:01:41.555 * Background saving started by pid 134
134:C 27 Aug 2026 00:01:41.557 * BGSAVE done, 8 keys saved, 0 keys skipped, 3694 bytes written.
134:C 27 Aug 2026 00:01:41.559 * DB saved on disk
134:C 27 Aug 2026 00:01:41.559 * Fork CoW for RDB: current 0 MB, peak 0 MB, average 0 MB
45:M 27 Aug 2026 00:01:41.666 * Background saving terminated with success
45:M 27 Aug 2026 00:26:11.462 * 100 changes in 300 seconds. Saving...
45:M 27 Aug 2026 00:26:11.470 * Background saving started by pid 135
135:C 27 Aug 2026 00:26:11.472 * BGSAVE done, 8 keys saved, 0 keys skipped, 3694 bytes written.
135:C 27 Aug 2026 00:26:11.473 * DB saved on disk
135:C 27 Aug 2026 00:26:11.473 * Fork CoW for RDB: current 0 MB, peak 0 MB, average 0 MB
45:M 27 Aug 2026 00:26:11.585 * Background saving terminated with success
45:M 27 Aug 2026 00:51:11.465 * 100 changes in 300 seconds. Saving...
45:M 27 Aug 2026 00:51:11.473 * Background saving started by pid 136
136:C 27 Aug 2026 00:51:11.475 * BGSAVE done, 8 keys saved, 0 keys skipped, 3694 bytes written.
136:C 27 Aug 2026 00:51:11.476 * DB saved on disk
136:C 27 Aug 2026 00:51:11.476 * Fork CoW for RDB: current 0 MB, peak 0 MB, average 0 MB
45:M 27 Aug 2026 00:51:11.576 * Background saving terminated with success
45:M 27 Aug 2026 01:15:41.516 * 100 changes in 300 seconds. Saving...
45:M 27 Aug 2026 01:15:41.525 * Background saving started by pid 137
137:C 27 Aug 2026 01:15:41.527 * BGSAVE done, 8 keys saved, 0 keys skipped, 3694 bytes written.
137:C 27 Aug 2026 01:15:41.528 * DB saved on disk
137:C 27 Aug 2026 01:15:41.528 * Fork CoW for RDB: current 0 MB, peak 0 MB, average 0 MB
45:M 27 Aug 2026 01:15:41.640 * Background saving terminated with success
45:M 27 Aug 2026 01:40:41.538 * 100 changes in 300 seconds. Saving...
45:M 27 Aug 2026 01:40:41.543 * Background saving started by pid 138
138:C 27 Aug 2026 01:40:41.546 * BGSAVE done, 8 keys saved, 0 keys skipped, 3694 bytes written.
138:C 27 Aug 2026 01:40:41.550 * DB saved on disk
138:C 27 Aug 2026 01:40:41.550 * Fork CoW for RDB: current 0 MB, peak 0 MB, average 0 MB
45:M 27 Aug 2026 01:40:41.649 * Background saving terminated with success
45:M 27 Aug 2026 02:05:41.529 * 100 changes in 300 seconds. Saving...
45:M 27 Aug 2026 02:05:41.535 * Background saving started by pid 139
139:C 27 Aug 2026 02:05:41.538 * BGSAVE done, 8 keys saved, 0 keys skipped, 3694 bytes written.
139:C 27 Aug 2026 02:05:41.539 * DB saved on disk
139:C 27 Aug 2026 02:05:41.539 * Fork CoW for RDB: current 0 MB, peak 0 MB, average 0 MB
45:M 27 Aug 2026 02:05:41.640 * Background saving terminated with success
45:M 27 Aug 2026 02:30:11.504 * 100 changes in 300 seconds. Saving...
45:M 27 Aug 2026 02:30:11.511 * Background saving started by pid 140
140:C 27 Aug 2026 02:30:11.513 * BGSAVE done, 8 keys saved, 0 keys skipped, 3694 bytes written.
140:C 27 Aug 2026 02:30:11.514 * DB saved on disk
140:C 27 Aug 2026 02:30:11.514 * Fork CoW for RDB: current 0 MB, peak 0 MB, average 0 MB
45:M 27 Aug 2026 02:30:11.612 * Background saving terminated with success
45:M 27 Aug 2026 02:55:11.537 * 100 changes in 300 seconds. Saving...
45:M 27 Aug 2026 02:55:11.545 * Background saving started by pid 141
141:C 27 Aug 2026 02:55:11.546 * BGSAVE done, 8 keys saved, 0 keys skipped, 3694 bytes written.
141:C 27 Aug 2026 02:55:11.547 * DB saved on disk
141:C 27 Aug 2026 02:55:11.548 * Fork CoW for RDB: current 0 MB, peak 0 MB, average 0 MB
45:M 27 Aug 2026 02:55:11.648 * Background saving terminated with success
45:M 27 Aug 2026 03:19:41.553 * 100 changes in 300 seconds. Saving...
45:M 27 Aug 2026 03:19:41.561 * Background saving started by pid 142
142:C 27 Aug 2026 03:19:41.563 * BGSAVE done, 8 keys saved, 0 keys skipped, 3694 bytes written.
142:C 27 Aug 2026 03:19:41.566 * DB saved on disk
142:C 27 Aug 2026 03:19:41.566 * Fork CoW for RDB: current 0 MB, peak 0 MB, average 0 MB
45:M 27 Aug 2026 03:19:41.664 * Background saving terminated with success
45:M 27 Aug 2026 03:44:41.465 * 100 changes in 300 seconds. Saving...
45:M 27 Aug 2026 03:44:41.473 * Background saving started by pid 143
143:C 27 Aug 2026 03:44:41.474 * BGSAVE done, 8 keys saved, 0 keys skipped, 3694 bytes written.
143:C 27 Aug 2026 03:44:41.476 * DB saved on disk
143:C 27 Aug 2026 03:44:41.476 * Fork CoW for RDB: current 0 MB, peak 0 MB, average 0 MB
45:M 27 Aug 2026 03:44:41.573 * Background saving terminated with success
45:M 27 Aug 2026 04:09:41.537 * 100 changes in 300 seconds. Saving...
45:M 27 Aug 2026 04:09:41.542 * Background saving started by pid 144
144:C 27 Aug 2026 04:09:41.544 * BGSAVE done, 8 keys saved, 0 keys skipped, 3694 bytes written.
144:C 27 Aug 2026 04:09:41.545 * DB saved on disk
144:C 27 Aug 2026 04:09:41.545 * Fork CoW for RDB: current 0 MB, peak 0 MB, average 0 MB
45:M 27 Aug 2026 04:09:41.647 * Background saving terminated with success
45:M 27 Aug 2026 04:34:11.465 * 100 changes in 300 seconds. Saving...
45:M 27 Aug 2026 04:34:11.473 * Background saving started by pid 145
145:C 27 Aug 2026 04:34:11.475 * BGSAVE done, 8 keys saved, 0 keys skipped, 3694 bytes written.
145:C 27 Aug 2026 04:34:11.476 * DB saved on disk
145:C 27 Aug 2026 04:34:11.476 * Fork CoW for RDB: current 0 MB, peak 0 MB, average 0 MB
45:M 27 Aug 2026 04:34:11.577 * Background saving terminated with success
45:M 27 Aug 2026 04:59:11.496 * 100 changes in 300 seconds. Saving...
45:M 27 Aug 2026 04:59:11.502 * Background saving started by pid 146
146:C 27 Aug 2026 04:59:11.504 * BGSAVE done, 8 keys saved, 0 keys skipped, 3694 bytes written.
146:C 27 Aug 2026 04:59:11.505 * DB saved on disk
146:C 27 Aug 2026 04:59:11.505 * Fork CoW for RDB: current 0 MB, peak 0 MB, average 0 MB
45:M 27 Aug 2026 04:59:11.605 * Background saving terminated with success
45:M 27 Aug 2026 05:23:41.512 * 100 changes in 300 seconds. Saving...
45:M 27 Aug 2026 05:23:41.520 * Background saving started by pid 147
147:C 27 Aug 2026 05:23:41.522 * BGSAVE done, 8 keys saved, 0 keys skipped, 3694 bytes written.
147:C 27 Aug 2026 05:23:41.523 * DB saved on disk
147:C 27 Aug 2026 05:23:41.523 * Fork CoW for RDB: current 0 MB, peak 0 MB, average 0 MB
45:M 27 Aug 2026 05:23:41.636 * Background saving terminated with success
45:M 27 Aug 2026 05:48:41.478 * 100 changes in 300 seconds. Saving...
45:M 27 Aug 2026 05:48:41.484 * Background saving started by pid 148
148:C 27 Aug 2026 05:48:41.486 * BGSAVE done, 8 keys saved, 0 keys skipped, 3694 bytes written.
148:C 27 Aug 2026 05:48:41.487 * DB saved on disk
148:C 27 Aug 2026 05:48:41.487 * Fork CoW for RDB: current 0 MB, peak 0 MB, average 0 MB
45:M 27 Aug 2026 05:48:41.587 * Background saving terminated with success
45:M 27 Aug 2026 06:13:11.488 * 100 changes in 300 seconds. Saving...
45:M 27 Aug 2026 06:13:11.498 * Background saving started by pid 149
149:C 27 Aug 2026 06:13:11.500 * BGSAVE done, 8 keys saved, 0 keys skipped, 3694 bytes written.
149:C 27 Aug 2026 06:13:11.501 * DB saved on disk
149:C 27 Aug 2026 06:13:11.501 * Fork CoW for RDB: current 0 MB, peak 0 MB, average 0 MB
45:M 27 Aug 2026 06:13:11.598 * Background saving terminated with success
45:M 27 Aug 2026 06:38:11.533 * 100 changes in 300 seconds. Saving...
45:M 27 Aug 2026 06:38:11.542 * Background saving started by pid 150
150:C 27 Aug 2026 06:38:11.544 * BGSAVE done, 8 keys saved, 0 keys skipped, 3694 bytes written.
150:C 27 Aug 2026 06:38:11.545 * DB saved on disk
150:C 27 Aug 2026 06:38:11.545 * Fork CoW for RDB: current 0 MB, peak 0 MB, average 0 MB
45:M 27 Aug 2026 06:38:11.656 * Background saving terminated with success
45:M 27 Aug 2026 07:03:11.509 * 100 changes in 300 seconds. Saving...
45:M 27 Aug 2026 07:03:11.518 * Background saving started by pid 151
151:C 27 Aug 2026 07:03:11.520 * BGSAVE done, 8 keys saved, 0 keys skipped, 3694 bytes written.
151:C 27 Aug 2026 07:03:11.521 * DB saved on disk
151:C 27 Aug 2026 07:03:11.521 * Fork CoW for RDB: current 0 MB, peak 0 MB, average 0 MB
45:M 27 Aug 2026 07:03:11.632 * Background saving terminated with success
45:M 27 Aug 2026 07:27:41.522 * 100 changes in 300 seconds. Saving...
45:M 27 Aug 2026 07:27:41.527 * Background saving started by pid 152
152:C 27 Aug 2026 07:27:41.529 * BGSAVE done, 8 keys saved, 0 keys skipped, 3694 bytes written.
152:C 27 Aug 2026 07:27:41.530 * DB saved on disk
152:C 27 Aug 2026 07:27:41.530 * Fork CoW for RDB: current 0 MB, peak 0 MB, average 0 MB
45:M 27 Aug 2026 07:27:41.631 * Background saving terminated with success
45:M 27 Aug 2026 07:52:41.463 * 100 changes in 300 seconds. Saving...
45:M 27 Aug 2026 07:52:41.471 * Background saving started by pid 153
153:C 27 Aug 2026 07:52:41.473 * BGSAVE done, 8 keys saved, 0 keys skipped, 3694 bytes written.
153:C 27 Aug 2026 07:52:41.474 * DB saved on disk
153:C 27 Aug 2026 07:52:41.474 * Fork CoW for RDB: current 0 MB, peak 0 MB, average 0 MB
45:M 27 Aug 2026 07:52:41.575 * Background saving terminated with success
45:M 27 Aug 2026 08:17:11.535 * 100 changes in 300 seconds. Saving...
45:M 27 Aug 2026 08:17:11.542 * Background saving started by pid 154
154:C 27 Aug 2026 08:17:11.544 * BGSAVE done, 8 keys saved, 0 keys skipped, 3694 bytes written.
154:C 27 Aug 2026 08:17:11.545 * DB saved on disk
154:C 27 Aug 2026 08:17:11.545 * Fork CoW for RDB: current 0 MB, peak 0 MB, average 0 MB
45:M 27 Aug 2026 08:17:11.645 * Background saving terminated with success
45:M 27 Aug 2026 08:42:11.485 * 100 changes in 300 seconds. Saving...
45:M 27 Aug 2026 08:42:11.493 * Background saving started by pid 155
155:C 27 Aug 2026 08:42:11.495 * BGSAVE done, 8 keys saved, 0 keys skipped, 3694 bytes written.
155:C 27 Aug 2026 08:42:11.496 * DB saved on disk
155:C 27 Aug 2026 08:42:11.496 * Fork CoW for RDB: current 0 MB, peak 0 MB, average 0 MB
45:M 27 Aug 2026 08:42:11.596 * Background saving terminated with success
45:M 27 Aug 2026 09:07:11.485 * 100 changes in 300 seconds. Saving...
45:M 27 Aug 2026 09:07:11.490 * Background saving started by pid 156
156:C 27 Aug 2026 09:07:11.492 * BGSAVE done, 8 keys saved, 0 keys skipped, 3694 bytes written.
156:C 27 Aug 2026 09:07:11.493 * DB saved on disk
156:C 27 Aug 2026 09:07:11.493 * Fork CoW for RDB: current 0 MB, peak 0 MB, average 0 MB
45:M 27 Aug 2026 09:07:11.593 * Background saving terminated with success
45:M 27 Aug 2026 09:31:41.505 * 100 changes in 300 seconds. Saving...
45:M 27 Aug 2026 09:31:41.510 * Background saving started by pid 157
157:C 27 Aug 2026 09:31:41.512 * BGSAVE done, 8 keys saved, 0 keys skipped, 3694 bytes written.
157:C 27 Aug 2026 09:31:41.513 * DB saved on disk
157:C 27 Aug 2026 09:31:41.513 * Fork CoW for RDB: current 0 MB, peak 0 MB, average 0 MB
45:M 27 Aug 2026 09:31:41.616 * Background saving terminated with success
45:M 27 Aug 2026 09:56:41.477 * 100 changes in 300 seconds. Saving...
45:M 27 Aug 2026 09:56:41.484 * Background saving started by pid 158
158:C 27 Aug 2026 09:56:41.486 * BGSAVE done, 8 keys saved, 0 keys skipped, 3694 bytes written.
158:C 27 Aug 2026 09:56:41.488 * DB saved on disk
158:C 27 Aug 2026 09:56:41.488 * Fork CoW for RDB: current 0 MB, peak 0 MB, average 0 MB
45:M 27 Aug 2026 09:56:41.587 * Background saving terminated with success
45:M 27 Aug 2026 10:21:11.489 * 100 changes in 300 seconds. Saving...
45:M 27 Aug 2026 10:21:11.498 * Background saving started by pid 159
159:C 27 Aug 2026 10:21:11.500 * BGSAVE done, 8 keys saved, 0 keys skipped, 3694 bytes written.
159:C 27 Aug 2026 10:21:11.501 * DB saved on disk
159:C 27 Aug 2026 10:21:11.501 * Fork CoW for RDB: current 0 MB, peak 0 MB, average 0 MB
45:M 27 Aug 2026 10:21:11.612 * Background saving terminated with success
45:M 27 Aug 2026 10:46:11.456 * 100 changes in 300 seconds. Saving...
45:M 27 Aug 2026 10:46:11.464 * Background saving started by pid 160
160:C 27 Aug 2026 10:46:11.466 * BGSAVE done, 8 keys saved, 0 keys skipped, 3694 bytes written.
160:C 27 Aug 2026 10:46:11.467 * DB saved on disk
160:C 27 Aug 2026 10:46:11.467 * Fork CoW for RDB: current 0 MB, peak 0 MB, average 0 MB
45:M 27 Aug 2026 10:46:11.578 * Background saving terminated with success
45:M 27 Aug 2026 11:11:11.470 * 100 changes in 300 seconds. Saving...
45:M 27 Aug 2026 11:11:11.477 * Background saving started by pid 161
161:C 27 Aug 2026 11:11:11.479 * BGSAVE done, 8 keys saved, 0 keys skipped, 3694 bytes written.
161:C 27 Aug 2026 11:11:11.480 * DB saved on disk
161:C 27 Aug 2026 11:11:11.480 * Fork CoW for RDB: current 0 MB, peak 0 MB, average 0 MB
45:M 27 Aug 2026 11:11:11.592 * Background saving terminated with success
45:M 27 Aug 2026 11:36:11.514 * 100 changes in 300 seconds. Saving...
45:M 27 Aug 2026 11:36:11.523 * Background saving started by pid 162
162:C 27 Aug 2026 11:36:11.525 * BGSAVE done, 8 keys saved, 0 keys skipped, 3694 bytes written.
162:C 27 Aug 2026 11:36:11.526 * DB saved on disk
162:C 27 Aug 2026 11:36:11.527 * Fork CoW for RDB: current 0 MB, peak 0 MB, average 0 MB
45:M 27 Aug 2026 11:36:11.636 * Background saving terminated with success
45:M 27 Aug 2026 12:01:11.520 * 100 changes in 300 seconds. Saving...
45:M 27 Aug 2026 12:01:11.527 * Background saving started by pid 163
163:C 27 Aug 2026 12:01:11.529 * BGSAVE done, 8 keys saved, 0 keys skipped, 3694 bytes written.
163:C 27 Aug 2026 12:01:11.530 * DB saved on disk
163:C 27 Aug 2026 12:01:11.530 * Fork CoW for RDB: current 0 MB, peak 0 MB, average 0 MB
45:M 27 Aug 2026 12:01:11.642 * Background saving terminated with success
45:M 27 Aug 2026 12:25:41.456 * 100 changes in 300 seconds. Saving...
45:M 27 Aug 2026 12:25:41.461 * Background saving started by pid 164
164:C 27 Aug 2026 12:25:41.463 * BGSAVE done, 8 keys saved, 0 keys skipped, 3694 bytes written.
164:C 27 Aug 2026 12:25:41.464 * DB saved on disk
164:C 27 Aug 2026 12:25:41.464 * Fork CoW for RDB: current 0 MB, peak 0 MB, average 0 MB
45:M 27 Aug 2026 12:25:41.564 * Background saving terminated with success
45:M 27 Aug 2026 12:50:41.547 * 100 changes in 300 seconds. Saving...
45:M 27 Aug 2026 12:50:41.555 * Background saving started by pid 165
165:C 27 Aug 2026 12:50:41.556 * BGSAVE done, 8 keys saved, 0 keys skipped, 3694 bytes written.
165:C 27 Aug 2026 12:50:41.559 * DB saved on disk
165:C 27 Aug 2026 12:50:41.559 * Fork CoW for RDB: current 0 MB, peak 0 MB, average 0 MB
45:M 27 Aug 2026 12:50:41.655 * Background saving terminated with success
45:M 27 Aug 2026 13:15:11.452 * 100 changes in 300 seconds. Saving...
45:M 27 Aug 2026 13:15:11.457 * Background saving started by pid 166
166:C 27 Aug 2026 13:15:11.459 * BGSAVE done, 8 keys saved, 0 keys skipped, 3694 bytes written.
166:C 27 Aug 2026 13:15:11.460 * DB saved on disk
166:C 27 Aug 2026 13:15:11.460 * Fork CoW for RDB: current 0 MB, peak 0 MB, average 0 MB
45:M 27 Aug 2026 13:15:11.567 * Background saving terminated with success
45:M 27 Aug 2026 13:35:11.472 * 100 changes in 300 seconds. Saving...
45:M 27 Aug 2026 13:35:11.477 * Background saving started by pid 167
167:C 27 Aug 2026 13:35:11.479 * BGSAVE done, 8 keys saved, 0 keys skipped, 3694 bytes written.
167:C 27 Aug 2026 13:35:11.480 * DB saved on disk
167:C 27 Aug 2026 13:35:11.480 * Fork CoW for RDB: current 0 MB, peak 0 MB, average 0 MB
45:M 27 Aug 2026 13:35:11.581 * Background saving terminated with success
45:M 27 Aug 2026 13:53:06.117 * 100 changes in 300 seconds. Saving...
45:M 27 Aug 2026 13:53:06.125 * Background saving started by pid 168
168:C 27 Aug 2026 13:53:06.127 * BGSAVE done, 8 keys saved, 0 keys skipped, 3694 bytes written.
168:C 27 Aug 2026 13:53:06.128 * DB saved on disk
168:C 27 Aug 2026 13:53:06.129 * Fork CoW for RDB: current 0 MB, peak 0 MB, average 0 MB
45:M 27 Aug 2026 13:53:06.241 * Background saving terminated with success
45:M 27 Aug 2026 14:08:41.561 * 100 changes in 300 seconds. Saving...
45:M 27 Aug 2026 14:08:41.568 * Background saving started by pid 169
169:C 27 Aug 2026 14:08:41.570 * BGSAVE done, 8 keys saved, 0 keys skipped, 3694 bytes written.
169:C 27 Aug 2026 14:08:41.573 * DB saved on disk
169:C 27 Aug 2026 14:08:41.573 * Fork CoW for RDB: current 0 MB, peak 0 MB, average 0 MB
45:M 27 Aug 2026 14:08:41.671 * Background saving terminated with success
45:M 27 Aug 2026 14:26:41.483 * 100 changes in 300 seconds. Saving...
45:M 27 Aug 2026 14:26:41.490 * Background saving started by pid 170
170:C 27 Aug 2026 14:26:41.492 * BGSAVE done, 8 keys saved, 0 keys skipped, 3694 bytes written.
170:C 27 Aug 2026 14:26:41.493 * DB saved on disk
170:C 27 Aug 2026 14:26:41.493 * Fork CoW for RDB: current 0 MB, peak 0 MB, average 0 MB
45:M 27 Aug 2026 14:26:41.595 * Background saving terminated with success
45:M 27 Aug 2026 14:35:11.522 * 100 changes in 300 seconds. Saving...
45:M 27 Aug 2026 14:35:11.528 * Background saving started by pid 171
171:C 27 Aug 2026 14:35:11.529 * BGSAVE done, 8 keys saved, 0 keys skipped, 3694 bytes written.
171:C 27 Aug 2026 14:35:11.530 * DB saved on disk
171:C 27 Aug 2026 14:35:11.530 * Fork CoW for RDB: current 0 MB, peak 0 MB, average 0 MB
45:M 27 Aug 2026 14:35:11.629 * Background saving terminated with success
45:M 27 Aug 2026 15:00:11.484 * 100 changes in 300 seconds. Saving...
45:M 27 Aug 2026 15:00:11.491 * Background saving started by pid 172
172:C 27 Aug 2026 15:00:11.493 * BGSAVE done, 8 keys saved, 0 keys skipped, 3694 bytes written.
172:C 27 Aug 2026 15:00:11.494 * DB saved on disk
172:C 27 Aug 2026 15:00:11.494 * Fork CoW for RDB: current 0 MB, peak 0 MB, average 0 MB
45:M 27 Aug 2026 15:00:11.592 * Background saving terminated with success
45:M 27 Aug 2026 15:09:11.461 * 100 changes in 300 seconds. Saving...
45:M 27 Aug 2026 15:09:11.465 * Background saving started by pid 173
173:C 27 Aug 2026 15:09:11.467 * BGSAVE done, 8 keys saved, 0 keys skipped, 3694 bytes written.
173:C 27 Aug 2026 15:09:11.468 * DB saved on disk
173:C 27 Aug 2026 15:09:11.468 * Fork CoW for RDB: current 0 MB, peak 0 MB, average 0 MB
45:M 27 Aug 2026 15:09:11.569 * Background saving terminated with success
45:M 27 Aug 2026 15:33:11.518 * 100 changes in 300 seconds. Saving...
45:M 27 Aug 2026 15:33:11.526 * Background saving started by pid 174
174:C 27 Aug 2026 15:33:11.528 * BGSAVE done, 8 keys saved, 0 keys skipped, 3694 bytes written.
174:C 27 Aug 2026 15:33:11.529 * DB saved on disk
174:C 27 Aug 2026 15:33:11.529 * Fork CoW for RDB: current 0 MB, peak 0 MB, average 0 MB
45:M 27 Aug 2026 15:33:11.640 * Background saving terminated with success
45:M 27 Aug 2026 15:55:41.508 * 100 changes in 300 seconds. Saving...
45:M 27 Aug 2026 15:55:41.516 * Background saving started by pid 175
175:C 27 Aug 2026 15:55:41.518 * BGSAVE done, 8 keys saved, 0 keys skipped, 3694 bytes written.
175:C 27 Aug 2026 15:55:41.519 * DB saved on disk
175:C 27 Aug 2026 15:55:41.519 * Fork CoW for RDB: current 0 MB, peak 0 MB, average 0 MB
45:M 27 Aug 2026 15:55:41.619 * Background saving terminated with success
45:M 27 Aug 2026 16:17:41.462 * 100 changes in 300 seconds. Saving...
45:M 27 Aug 2026 16:17:41.469 * Background saving started by pid 176
176:C 27 Aug 2026 16:17:41.471 * BGSAVE done, 8 keys saved, 0 keys skipped, 3694 bytes written.
176:C 27 Aug 2026 16:17:41.472 * DB saved on disk
176:C 27 Aug 2026 16:17:41.472 * Fork CoW for RDB: current 0 MB, peak 0 MB, average 0 MB
45:M 27 Aug 2026 16:17:41.584 * Background saving terminated with success
45:M 27 Aug 2026 16:41:11.553 * 100 changes in 300 seconds. Saving...
45:M 27 Aug 2026 16:41:11.561 * Background saving started by pid 177
177:C 27 Aug 2026 16:41:11.563 * BGSAVE done, 8 keys saved, 0 keys skipped, 3694 bytes written.
177:C 27 Aug 2026 16:41:11.566 * DB saved on disk
177:C 27 Aug 2026 16:41:11.566 * Fork CoW for RDB: current 0 MB, peak 0 MB, average 0 MB
45:M 27 Aug 2026 16:41:11.662 * Background saving terminated with success
45:M 27 Aug 2026 17:05:41.485 * 100 changes in 300 seconds. Saving...
45:M 27 Aug 2026 17:05:41.492 * Background saving started by pid 178
178:C 27 Aug 2026 17:05:41.494 * BGSAVE done, 8 keys saved, 0 keys skipped, 3694 bytes written.
178:C 27 Aug 2026 17:05:41.495 * DB saved on disk
178:C 27 Aug 2026 17:05:41.495 * Fork CoW for RDB: current 0 MB, peak 0 MB, average 0 MB
45:M 27 Aug 2026 17:05:41.594 * Background saving terminated with success
45:M 27 Aug 2026 17:29:41.497 * 100 changes in 300 seconds. Saving...
45:M 27 Aug 2026 17:29:41.506 * Background saving started by pid 179
179:C 27 Aug 2026 17:29:41.508 * BGSAVE done, 8 keys saved, 0 keys skipped, 3694 bytes written.
179:C 27 Aug 2026 17:29:41.509 * DB saved on disk
179:C 27 Aug 2026 17:29:41.509 * Fork CoW for RDB: current 0 MB, peak 0 MB, average 0 MB
45:M 27 Aug 2026 17:29:41.621 * Background saving terminated with success
45:M 27 Aug 2026 17:53:11.472 * 100 changes in 300 seconds. Saving...
45:M 27 Aug 2026 17:53:11.480 * Background saving started by pid 180
180:C 27 Aug 2026 17:53:11.482 * BGSAVE done, 8 keys saved, 0 keys skipped, 3694 bytes written.
180:C 27 Aug 2026 17:53:11.483 * DB saved on disk
180:C 27 Aug 2026 17:53:11.483 * Fork CoW for RDB: current 0 MB, peak 0 MB, average 0 MB
45:M 27 Aug 2026 17:53:11.582 * Background saving terminated with success
45:M 27 Aug 2026 18:15:41.505 * 100 changes in 300 seconds. Saving...
45:M 27 Aug 2026 18:15:41.510 * Background saving started by pid 181
181:C 27 Aug 2026 18:15:41.512 * BGSAVE done, 8 keys saved, 0 keys skipped, 3694 bytes written.
181:C 27 Aug 2026 18:15:41.513 * DB saved on disk
181:C 27 Aug 2026 18:15:41.513 * Fork CoW for RDB: current 0 MB, peak 0 MB, average 0 MB
45:M 27 Aug 2026 18:15:41.615 * Background saving terminated with success
45:M 27 Aug 2026 18:39:11.533 * 100 changes in 300 seconds. Saving...
45:M 27 Aug 2026 18:39:11.541 * Background saving started by pid 182
182:C 27 Aug 2026 18:39:11.542 * BGSAVE done, 8 keys saved, 0 keys skipped, 3694 bytes written.
182:C 27 Aug 2026 18:39:11.543 * DB saved on disk
182:C 27 Aug 2026 18:39:11.544 * Fork CoW for RDB: current 0 MB, peak 0 MB, average 0 MB
45:M 27 Aug 2026 18:39:11.644 * Background saving terminated with success
45:M 27 Aug 2026 19:04:11.552 * 100 changes in 300 seconds. Saving...
45:M 27 Aug 2026 19:04:11.560 * Background saving started by pid 183
183:C 27 Aug 2026 19:04:11.562 * BGSAVE done, 8 keys saved, 0 keys skipped, 3694 bytes written.
183:C 27 Aug 2026 19:04:11.564 * DB saved on disk
183:C 27 Aug 2026 19:04:11.564 * Fork CoW for RDB: current 0 MB, peak 0 MB, average 0 MB
45:M 27 Aug 2026 19:04:11.661 * Background saving terminated with success
45:M 27 Aug 2026 19:27:41.490 * 100 changes in 300 seconds. Saving...
45:M 27 Aug 2026 19:27:41.497 * Background saving started by pid 184
184:C 27 Aug 2026 19:27:41.500 * BGSAVE done, 8 keys saved, 0 keys skipped, 3694 bytes written.
184:C 27 Aug 2026 19:27:41.501 * DB saved on disk
184:C 27 Aug 2026 19:27:41.501 * Fork CoW for RDB: current 0 MB, peak 0 MB, average 0 MB
45:M 27 Aug 2026 19:27:41.599 * Background saving terminated with success
45:M 27 Aug 2026 19:52:41.558 * 100 changes in 300 seconds. Saving...
45:M 27 Aug 2026 19:52:41.566 * Background saving started by pid 185
185:C 27 Aug 2026 19:52:41.567 * BGSAVE done, 8 keys saved, 0 keys skipped, 3694 bytes written.
185:C 27 Aug 2026 19:52:41.570 * DB saved on disk
185:C 27 Aug 2026 19:52:41.570 * Fork CoW for RDB: current 0 MB, peak 0 MB, average 0 MB
45:M 27 Aug 2026 19:52:41.666 * Background saving terminated with success
45:M 27 Aug 2026 20:16:41.524 * 100 changes in 300 seconds. Saving...
45:M 27 Aug 2026 20:16:41.529 * Background saving started by pid 186
186:C 27 Aug 2026 20:16:41.530 * BGSAVE done, 8 keys saved, 0 keys skipped, 3694 bytes written.
186:C 27 Aug 2026 20:16:41.532 * DB saved on disk
186:C 27 Aug 2026 20:16:41.532 * Fork CoW for RDB: current 0 MB, peak 0 MB, average 0 MB
45:M 27 Aug 2026 20:16:41.633 * Background saving terminated with success
45:M 27 Aug 2026 20:41:41.508 * 100 changes in 300 seconds. Saving...
45:M 27 Aug 2026 20:41:41.516 * Background saving started by pid 187
187:C 27 Aug 2026 20:41:41.518 * BGSAVE done, 8 keys saved, 0 keys skipped, 3694 bytes written.
187:C 27 Aug 2026 20:41:41.519 * DB saved on disk
187:C 27 Aug 2026 20:41:41.519 * Fork CoW for RDB: current 0 MB, peak 0 MB, average 0 MB
45:M 27 Aug 2026 20:41:41.617 * Background saving terminated with success
45:M 27 Aug 2026 21:06:41.492 * 100 changes in 300 seconds. Saving...
45:M 27 Aug 2026 21:06:41.499 * Background saving started by pid 188
188:C 27 Aug 2026 21:06:41.501 * BGSAVE done, 8 keys saved, 0 keys skipped, 3694 bytes written.
188:C 27 Aug 2026 21:06:41.502 * DB saved on disk
188:C 27 Aug 2026 21:06:41.502 * Fork CoW for RDB: current 0 MB, peak 0 MB, average 0 MB
45:M 27 Aug 2026 21:06:41.600 * Background saving terminated with success
45:M 27 Aug 2026 21:31:11.496 * 100 changes in 300 seconds. Saving...
45:M 27 Aug 2026 21:31:11.504 * Background saving started by pid 189
189:C 27 Aug 2026 21:31:11.506 * BGSAVE done, 8 keys saved, 0 keys skipped, 3694 bytes written.
189:C 27 Aug 2026 21:31:11.507 * DB saved on disk
189:C 27 Aug 2026 21:31:11.507 * Fork CoW for RDB: current 0 MB, peak 0 MB, average 0 MB
45:M 27 Aug 2026 21:31:11.607 * Background saving terminated with success
45:M 27 Aug 2026 21:56:11.462 * 100 changes in 300 seconds. Saving...
45:M 27 Aug 2026 21:56:11.469 * Background saving started by pid 190
190:C 27 Aug 2026 21:56:11.471 * BGSAVE done, 8 keys saved, 0 keys skipped, 3694 bytes written.
190:C 27 Aug 2026 21:56:11.472 * DB saved on disk
190:C 27 Aug 2026 21:56:11.472 * Fork CoW for RDB: current 0 MB, peak 0 MB, average 0 MB
45:M 27 Aug 2026 21:56:11.570 * Background saving terminated with success
45:M 27 Aug 2026 22:20:41.473 * 100 changes in 300 seconds. Saving...
45:M 27 Aug 2026 22:20:41.481 * Background saving started by pid 191
191:C 27 Aug 2026 22:20:41.483 * BGSAVE done, 8 keys saved, 0 keys skipped, 3694 bytes written.
191:C 27 Aug 2026 22:20:41.484 * DB saved on disk
191:C 27 Aug 2026 22:20:41.484 * Fork CoW for RDB: current 0 MB, peak 0 MB, average 0 MB
45:M 27 Aug 2026 22:20:41.583 * Background saving terminated with success
45:M 27 Aug 2026 22:45:41.459 * 100 changes in 300 seconds. Saving...
45:M 27 Aug 2026 22:45:41.466 * Background saving started by pid 192
192:C 27 Aug 2026 22:45:41.468 * BGSAVE done, 8 keys saved, 0 keys skipped, 3694 bytes written.
192:C 27 Aug 2026 22:45:41.470 * DB saved on disk
192:C 27 Aug 2026 22:45:41.470 * Fork CoW for RDB: current 0 MB, peak 0 MB, average 0 MB
45:M 27 Aug 2026 22:45:41.567 * Background saving terminated with success
45:M 27 Aug 2026 23:10:41.540 * 100 changes in 300 seconds. Saving...
45:M 27 Aug 2026 23:10:41.549 * Background saving started by pid 193
193:C 27 Aug 2026 23:10:41.552 * BGSAVE done, 8 keys saved, 0 keys skipped, 3694 bytes written.
193:C 27 Aug 2026 23:10:41.555 * DB saved on disk
193:C 27 Aug 2026 23:10:41.555 * Fork CoW for RDB: current 0 MB, peak 0 MB, average 0 MB
45:M 27 Aug 2026 23:10:41.649 * Background saving terminated with success
45:M 27 Aug 2026 23:35:11.552 * 100 changes in 300 seconds. Saving...
45:M 27 Aug 2026 23:35:11.560 * Background saving started by pid 194
194:C 27 Aug 2026 23:35:11.561 * BGSAVE done, 8 keys saved, 0 keys skipped, 3694 bytes written.
194:C 27 Aug 2026 23:35:11.564 * DB saved on disk
194:C 27 Aug 2026 23:35:11.565 * Fork CoW for RDB: current 0 MB, peak 0 MB, average 0 MB
45:M 27 Aug 2026 23:35:11.661 * Background saving terminated with success
45:M 28 Aug 2026 00:00:11.507 * 100 changes in 300 seconds. Saving...
45:M 28 Aug 2026 00:00:11.514 * Background saving started by pid 195
195:C 28 Aug 2026 00:00:11.516 * BGSAVE done, 8 keys saved, 0 keys skipped, 3694 bytes written.
195:C 28 Aug 2026 00:00:11.517 * DB saved on disk
195:C 28 Aug 2026 00:00:11.517 * Fork CoW for RDB: current 0 MB, peak 0 MB, average 0 MB
45:M 28 Aug 2026 00:00:11.618 * Background saving terminated with success
45:M 28 Aug 2026 00:24:41.507 * 100 changes in 300 seconds. Saving...
45:M 28 Aug 2026 00:24:41.515 * Background saving started by pid 196
196:C 28 Aug 2026 00:24:41.517 * BGSAVE done, 8 keys saved, 0 keys skipped, 3694 bytes written.
196:C 28 Aug 2026 00:24:41.518 * DB saved on disk
196:C 28 Aug 2026 00:24:41.518 * Fork CoW for RDB: current 0 MB, peak 0 MB, average 0 MB
45:M 28 Aug 2026 00:24:41.616 * Background saving terminated with success
45:M 28 Aug 2026 00:49:41.552 * 100 changes in 300 seconds. Saving...
45:M 28 Aug 2026 00:49:41.560 * Background saving started by pid 197
197:C 28 Aug 2026 00:49:41.562 * BGSAVE done, 8 keys saved, 0 keys skipped, 3694 bytes written.
197:C 28 Aug 2026 00:49:41.565 * DB saved on disk
197:C 28 Aug 2026 00:49:41.565 * Fork CoW for RDB: current 0 MB, peak 0 MB, average 0 MB
45:M 28 Aug 2026 00:49:41.661 * Background saving terminated with success
45:M 28 Aug 2026 01:14:11.499 * 100 changes in 300 seconds. Saving...
45:M 28 Aug 2026 01:14:11.507 * Background saving started by pid 198
198:C 28 Aug 2026 01:14:11.509 * BGSAVE done, 8 keys saved, 0 keys skipped, 3694 bytes written.
198:C 28 Aug 2026 01:14:11.510 * DB saved on disk
198:C 28 Aug 2026 01:14:11.510 * Fork CoW for RDB: current 0 MB, peak 0 MB, average 0 MB
45:M 28 Aug 2026 01:14:11.607 * Background saving terminated with success
45:M 28 Aug 2026 01:39:11.525 * 100 changes in 300 seconds. Saving...
45:M 28 Aug 2026 01:39:11.529 * Background saving started by pid 199
199:C 28 Aug 2026 01:39:11.531 * BGSAVE done, 8 keys saved, 0 keys skipped, 3694 bytes written.
199:C 28 Aug 2026 01:39:11.532 * DB saved on disk
199:C 28 Aug 2026 01:39:11.532 * Fork CoW for RDB: current 0 MB, peak 0 MB, average 0 MB
45:M 28 Aug 2026 01:39:11.633 * Background saving terminated with success
45:M 28 Aug 2026 02:04:11.468 * 100 changes in 300 seconds. Saving...
45:M 28 Aug 2026 02:04:11.476 * Background saving started by pid 200
200:C 28 Aug 2026 02:04:11.477 * BGSAVE done, 8 keys saved, 0 keys skipped, 3694 bytes written.
200:C 28 Aug 2026 02:04:11.478 * DB saved on disk
200:C 28 Aug 2026 02:04:11.479 * Fork CoW for RDB: current 0 MB, peak 0 MB, average 0 MB
45:M 28 Aug 2026 02:04:11.578 * Background saving terminated with success
45:M 28 Aug 2026 02:28:41.504 * 100 changes in 300 seconds. Saving...
45:M 28 Aug 2026 02:28:41.511 * Background saving started by pid 201
201:C 28 Aug 2026 02:28:41.513 * BGSAVE done, 8 keys saved, 0 keys skipped, 3694 bytes written.
201:C 28 Aug 2026 02:28:41.514 * DB saved on disk
201:C 28 Aug 2026 02:28:41.514 * Fork CoW for RDB: current 0 MB, peak 0 MB, average 0 MB
45:M 28 Aug 2026 02:28:41.614 * Background saving terminated with success
45:M 28 Aug 2026 02:53:41.554 * 100 changes in 300 seconds. Saving...
45:M 28 Aug 2026 02:53:41.561 * Background saving started by pid 202
202:C 28 Aug 2026 02:53:41.563 * BGSAVE done, 8 keys saved, 0 keys skipped, 3694 bytes written.
202:C 28 Aug 2026 02:53:41.566 * DB saved on disk
202:C 28 Aug 2026 02:53:41.566 * Fork CoW for RDB: current 0 MB, peak 0 MB, average 0 MB
45:M 28 Aug 2026 02:53:41.665 * Background saving terminated with success
45:M 28 Aug 2026 03:18:11.474 * 100 changes in 300 seconds. Saving...
45:M 28 Aug 2026 03:18:11.482 * Background saving started by pid 203
203:C 28 Aug 2026 03:18:11.484 * BGSAVE done, 8 keys saved, 0 keys skipped, 3694 bytes written.
203:C 28 Aug 2026 03:18:11.485 * DB saved on disk
203:C 28 Aug 2026 03:18:11.485 * Fork CoW for RDB: current 0 MB, peak 0 MB, average 0 MB
45:M 28 Aug 2026 03:18:11.583 * Background saving terminated with success
45:M 28 Aug 2026 03:43:11.540 * 100 changes in 300 seconds. Saving...
45:M 28 Aug 2026 03:43:11.545 * Background saving started by pid 204
204:C 28 Aug 2026 03:43:11.547 * BGSAVE done, 8 keys saved, 0 keys skipped, 3694 bytes written.
204:C 28 Aug 2026 03:43:11.548 * DB saved on disk
204:C 28 Aug 2026 03:43:11.548 * Fork CoW for RDB: current 0 MB, peak 0 MB, average 0 MB
45:M 28 Aug 2026 03:43:11.650 * Background saving terminated with success
45:M 28 Aug 2026 04:08:11.553 * 100 changes in 300 seconds. Saving...
45:M 28 Aug 2026 04:08:11.561 * Background saving started by pid 205
205:C 28 Aug 2026 04:08:11.563 * BGSAVE done, 8 keys saved, 0 keys skipped, 3694 bytes written.
205:C 28 Aug 2026 04:08:11.566 * DB saved on disk
205:C 28 Aug 2026 04:08:11.566 * Fork CoW for RDB: current 0 MB, peak 0 MB, average 0 MB
45:M 28 Aug 2026 04:08:11.665 * Background saving terminated with success
45:M 28 Aug 2026 04:32:41.542 * 100 changes in 300 seconds. Saving...
45:M 28 Aug 2026 04:32:41.549 * Background saving started by pid 206
206:C 28 Aug 2026 04:32:41.551 * BGSAVE done, 8 keys saved, 0 keys skipped, 3694 bytes written.
206:C 28 Aug 2026 04:32:41.553 * DB saved on disk
206:C 28 Aug 2026 04:32:41.553 * Fork CoW for RDB: current 0 MB, peak 0 MB, average 0 MB
45:M 28 Aug 2026 04:32:41.653 * Background saving terminated with success
45:M 28 Aug 2026 04:57:41.539 * 100 changes in 300 seconds. Saving...
45:M 28 Aug 2026 04:57:41.547 * Background saving started by pid 207
207:C 28 Aug 2026 04:57:41.551 * BGSAVE done, 8 keys saved, 0 keys skipped, 3694 bytes written.
207:C 28 Aug 2026 04:57:41.555 * DB saved on disk
207:C 28 Aug 2026 04:57:41.555 * Fork CoW for RDB: current 0 MB, peak 0 MB, average 0 MB
45:M 28 Aug 2026 04:57:41.650 * Background saving terminated with success
45:M 28 Aug 2026 05:22:11.521 * 100 changes in 300 seconds. Saving...
45:M 28 Aug 2026 05:22:11.529 * Background saving started by pid 208
208:C 28 Aug 2026 05:22:11.532 * BGSAVE done, 8 keys saved, 0 keys skipped, 3694 bytes written.
208:C 28 Aug 2026 05:22:11.533 * DB saved on disk
208:C 28 Aug 2026 05:22:11.534 * Fork CoW for RDB: current 0 MB, peak 0 MB, average 0 MB
45:M 28 Aug 2026 05:22:11.632 * Background saving terminated with success
45:M 28 Aug 2026 05:47:11.468 * 100 changes in 300 seconds. Saving...
45:M 28 Aug 2026 05:47:11.476 * Background saving started by pid 209
209:C 28 Aug 2026 05:47:11.478 * BGSAVE done, 8 keys saved, 0 keys skipped, 3694 bytes written.
209:C 28 Aug 2026 05:47:11.479 * DB saved on disk
209:C 28 Aug 2026 05:47:11.479 * Fork CoW for RDB: current 0 MB, peak 0 MB, average 0 MB
45:M 28 Aug 2026 05:47:11.579 * Background saving terminated with success
45:M 28 Aug 2026 06:11:41.481 * 100 changes in 300 seconds. Saving...
45:M 28 Aug 2026 06:11:41.489 * Background saving started by pid 210
210:C 28 Aug 2026 06:11:41.491 * BGSAVE done, 8 keys saved, 0 keys skipped, 3694 bytes written.
210:C 28 Aug 2026 06:11:41.492 * DB saved on disk
210:C 28 Aug 2026 06:11:41.492 * Fork CoW for RDB: current 0 MB, peak 0 MB, average 0 MB
45:M 28 Aug 2026 06:11:41.592 * Background saving terminated with success
45:M 28 Aug 2026 06:36:41.487 * 100 changes in 300 seconds. Saving...
45:M 28 Aug 2026 06:36:41.495 * Background saving started by pid 211
211:C 28 Aug 2026 06:36:41.497 * BGSAVE done, 8 keys saved, 0 keys skipped, 3694 bytes written.
211:C 28 Aug 2026 06:36:41.498 * DB saved on disk
211:C 28 Aug 2026 06:36:41.498 * Fork CoW for RDB: current 0 MB, peak 0 MB, average 0 MB
45:M 28 Aug 2026 06:36:41.596 * Background saving terminated with success
45:M 28 Aug 2026 07:01:41.515 * 100 changes in 300 seconds. Saving...
45:M 28 Aug 2026 07:01:41.520 * Background saving started by pid 212
212:C 28 Aug 2026 07:01:41.522 * BGSAVE done, 8 keys saved, 0 keys skipped, 3694 bytes written.
212:C 28 Aug 2026 07:01:41.523 * DB saved on disk
212:C 28 Aug 2026 07:01:41.523 * Fork CoW for RDB: current 0 MB, peak 0 MB, average 0 MB
45:M 28 Aug 2026 07:01:41.626 * Background saving terminated with success
45:M 28 Aug 2026 07:26:11.525 * 100 changes in 300 seconds. Saving...
45:M 28 Aug 2026 07:26:11.533 * Background saving started by pid 213
213:C 28 Aug 2026 07:26:11.535 * BGSAVE done, 8 keys saved, 0 keys skipped, 3694 bytes written.
213:C 28 Aug 2026 07:26:11.536 * DB saved on disk
213:C 28 Aug 2026 07:26:11.536 * Fork CoW for RDB: current 0 MB, peak 0 MB, average 0 MB
45:M 28 Aug 2026 07:26:11.634 * Background saving terminated with success
45:M 28 Aug 2026 07:51:11.537 * 100 changes in 300 seconds. Saving...
45:M 28 Aug 2026 07:51:11.545 * Background saving started by pid 214
214:C 28 Aug 2026 07:51:11.547 * BGSAVE done, 8 keys saved, 0 keys skipped, 3694 bytes written.
214:C 28 Aug 2026 07:51:11.548 * DB saved on disk
214:C 28 Aug 2026 07:51:11.548 * Fork CoW for RDB: current 0 MB, peak 0 MB, average 0 MB
45:M 28 Aug 2026 07:51:11.648 * Background saving terminated with success
45:M 28 Aug 2026 08:15:41.547 * 100 changes in 300 seconds. Saving...
45:M 28 Aug 2026 08:15:41.555 * Background saving started by pid 215
215:C 28 Aug 2026 08:15:41.557 * BGSAVE done, 8 keys saved, 0 keys skipped, 3694 bytes written.
215:C 28 Aug 2026 08:15:41.560 * DB saved on disk
215:C 28 Aug 2026 08:15:41.560 * Fork CoW for RDB: current 0 MB, peak 0 MB, average 0 MB
45:M 28 Aug 2026 08:15:41.656 * Background saving terminated with success
45:M 28 Aug 2026 08:40:41.487 * 100 changes in 300 seconds. Saving...
45:M 28 Aug 2026 08:40:41.494 * Background saving started by pid 216
216:C 28 Aug 2026 08:40:41.496 * BGSAVE done, 8 keys saved, 0 keys skipped, 3694 bytes written.
216:C 28 Aug 2026 08:40:41.497 * DB saved on disk
216:C 28 Aug 2026 08:40:41.497 * Fork CoW for RDB: current 0 MB, peak 0 MB, average 0 MB
45:M 28 Aug 2026 08:40:41.598 * Background saving terminated with success
45:M 28 Aug 2026 09:05:41.522 * 100 changes in 300 seconds. Saving...
45:M 28 Aug 2026 09:05:41.527 * Background saving started by pid 217
217:C 28 Aug 2026 09:05:41.529 * BGSAVE done, 8 keys saved, 0 keys skipped, 3694 bytes written.
217:C 28 Aug 2026 09:05:41.530 * DB saved on disk
217:C 28 Aug 2026 09:05:41.530 * Fork CoW for RDB: current 0 MB, peak 0 MB, average 0 MB
45:M 28 Aug 2026 09:05:41.633 * Background saving terminated with success
45:M 28 Aug 2026 09:30:11.503 * 100 changes in 300 seconds. Saving...
45:M 28 Aug 2026 09:30:11.510 * Background saving started by pid 218
218:C 28 Aug 2026 09:30:11.512 * BGSAVE done, 8 keys saved, 0 keys skipped, 3694 bytes written.
218:C 28 Aug 2026 09:30:11.513 * DB saved on disk
218:C 28 Aug 2026 09:30:11.514 * Fork CoW for RDB: current 0 MB, peak 0 MB, average 0 MB
45:M 28 Aug 2026 09:30:11.614 * Background saving terminated with success
45:M 28 Aug 2026 09:55:11.511 * 100 changes in 300 seconds. Saving...
45:M 28 Aug 2026 09:55:11.518 * Background saving started by pid 219
219:C 28 Aug 2026 09:55:11.520 * BGSAVE done, 8 keys saved, 0 keys skipped, 3694 bytes written.
219:C 28 Aug 2026 09:55:11.521 * DB saved on disk
219:C 28 Aug 2026 09:55:11.521 * Fork CoW for RDB: current 0 MB, peak 0 MB, average 0 MB
45:M 28 Aug 2026 09:55:11.622 * Background saving terminated with success
45:M 28 Aug 2026 10:19:41.497 * 100 changes in 300 seconds. Saving...
45:M 28 Aug 2026 10:19:41.503 * Background saving started by pid 220
220:C 28 Aug 2026 10:19:41.505 * BGSAVE done, 8 keys saved, 0 keys skipped, 3694 bytes written.
220:C 28 Aug 2026 10:19:41.506 * DB saved on disk
220:C 28 Aug 2026 10:19:41.506 * Fork CoW for RDB: current 0 MB, peak 0 MB, average 0 MB
45:M 28 Aug 2026 10:19:41.607 * Background saving terminated with success
45:M 28 Aug 2026 10:44:41.535 * 100 changes in 300 seconds. Saving...
45:M 28 Aug 2026 10:44:41.543 * Background saving started by pid 221
221:C 28 Aug 2026 10:44:41.545 * BGSAVE done, 8 keys saved, 0 keys skipped, 3694 bytes written.
221:C 28 Aug 2026 10:44:41.546 * DB saved on disk
221:C 28 Aug 2026 10:44:41.546 * Fork CoW for RDB: current 0 MB, peak 0 MB, average 0 MB
45:M 28 Aug 2026 10:44:41.646 * Background saving terminated with success
45:M 28 Aug 2026 11:09:41.502 * 100 changes in 300 seconds. Saving...
45:M 28 Aug 2026 11:09:41.509 * Background saving started by pid 222
222:C 28 Aug 2026 11:09:41.511 * BGSAVE done, 8 keys saved, 0 keys skipped, 3694 bytes written.
222:C 28 Aug 2026 11:09:41.512 * DB saved on disk
222:C 28 Aug 2026 11:09:41.512 * Fork CoW for RDB: current 0 MB, peak 0 MB, average 0 MB
45:M 28 Aug 2026 11:09:41.612 * Background saving terminated with success
45:M 28 Aug 2026 11:34:11.502 * 100 changes in 300 seconds. Saving...
45:M 28 Aug 2026 11:34:11.510 * Background saving started by pid 223
223:C 28 Aug 2026 11:34:11.512 * BGSAVE done, 8 keys saved, 0 keys skipped, 3694 bytes written.
223:C 28 Aug 2026 11:34:11.513 * DB saved on disk
223:C 28 Aug 2026 11:34:11.513 * Fork CoW for RDB: current 0 MB, peak 0 MB, average 0 MB
45:M 28 Aug 2026 11:34:11.614 * Background saving terminated with success
45:M 28 Aug 2026 11:59:11.550 * 100 changes in 300 seconds. Saving...
45:M 28 Aug 2026 11:59:11.558 * Background saving started by pid 224
224:C 28 Aug 2026 11:59:11.560 * BGSAVE done, 8 keys saved, 0 keys skipped, 3694 bytes written.
224:C 28 Aug 2026 11:59:11.562 * DB saved on disk
224:C 28 Aug 2026 11:59:11.563 * Fork CoW for RDB: current 0 MB, peak 0 MB, average 0 MB
45:M 28 Aug 2026 11:59:11.662 * Background saving terminated with success
45:M 28 Aug 2026 12:23:41.516 * 100 changes in 300 seconds. Saving...
45:M 28 Aug 2026 12:23:41.523 * Background saving started by pid 225
225:C 28 Aug 2026 12:23:41.525 * BGSAVE done, 8 keys saved, 0 keys skipped, 3694 bytes written.
225:C 28 Aug 2026 12:23:41.526 * DB saved on disk
225:C 28 Aug 2026 12:23:41.526 * Fork CoW for RDB: current 0 MB, peak 0 MB, average 0 MB
45:M 28 Aug 2026 12:23:41.627 * Background saving terminated with success
45:M 28 Aug 2026 12:48:41.485 * 100 changes in 300 seconds. Saving...
45:M 28 Aug 2026 12:48:41.492 * Background saving started by pid 226
226:C 28 Aug 2026 12:48:41.494 * BGSAVE done, 8 keys saved, 0 keys skipped, 3694 bytes written.
226:C 28 Aug 2026 12:48:41.495 * DB saved on disk
226:C 28 Aug 2026 12:48:41.495 * Fork CoW for RDB: current 0 MB, peak 0 MB, average 0 MB
45:M 28 Aug 2026 12:48:41.596 * Background saving terminated with success
45:M 28 Aug 2026 13:11:42.539 * 100 changes in 300 seconds. Saving...
45:M 28 Aug 2026 13:11:42.546 * Background saving started by pid 227
227:C 28 Aug 2026 13:11:42.548 * BGSAVE done, 10 keys saved, 0 keys skipped, 6409 bytes written.
227:C 28 Aug 2026 13:11:42.549 * DB saved on disk
227:C 28 Aug 2026 13:11:42.549 * Fork CoW for RDB: current 0 MB, peak 0 MB, average 0 MB
45:M 28 Aug 2026 13:11:42.648 * Background saving terminated with success
45:M 28 Aug 2026 13:32:11.501 * 100 changes in 300 seconds. Saving...
45:M 28 Aug 2026 13:32:11.505 * Background saving started by pid 228
228:C 28 Aug 2026 13:32:11.507 * BGSAVE done, 8 keys saved, 0 keys skipped, 3694 bytes written.
228:C 28 Aug 2026 13:32:11.508 * DB saved on disk
228:C 28 Aug 2026 13:32:11.508 * Fork CoW for RDB: current 0 MB, peak 0 MB, average 0 MB
45:M 28 Aug 2026 13:32:11.609 * Background saving terminated with success
45:M 28 Aug 2026 13:57:11.546 * 100 changes in 300 seconds. Saving...
45:M 28 Aug 2026 13:57:11.554 * Background saving started by pid 229
229:C 28 Aug 2026 13:57:11.556 * BGSAVE done, 8 keys saved, 0 keys skipped, 3694 bytes written.
229:C 28 Aug 2026 13:57:11.559 * DB saved on disk
229:C 28 Aug 2026 13:57:11.559 * Fork CoW for RDB: current 0 MB, peak 0 MB, average 0 MB
45:M 28 Aug 2026 13:57:11.656 * Background saving terminated with success
45:M 28 Aug 2026 14:21:41.536 * 100 changes in 300 seconds. Saving...
45:M 28 Aug 2026 14:21:41.543 * Background saving started by pid 230
230:C 28 Aug 2026 14:21:41.545 * BGSAVE done, 8 keys saved, 0 keys skipped, 3694 bytes written.
230:C 28 Aug 2026 14:21:41.546 * DB saved on disk
230:C 28 Aug 2026 14:21:41.546 * Fork CoW for RDB: current 0 MB, peak 0 MB, average 0 MB
45:M 28 Aug 2026 14:21:41.646 * Background saving terminated with success
45:M 28 Aug 2026 14:43:41.224 * 100 changes in 300 seconds. Saving...
45:M 28 Aug 2026 14:43:41.229 * Background saving started by pid 231
231:C 28 Aug 2026 14:43:41.231 * BGSAVE done, 8 keys saved, 0 keys skipped, 3694 bytes written.
231:C 28 Aug 2026 14:43:41.232 * DB saved on disk
231:C 28 Aug 2026 14:43:41.232 * Fork CoW for RDB: current 0 MB, peak 0 MB, average 0 MB
45:M 28 Aug 2026 14:43:41.335 * Background saving terminated with success
45:M 28 Aug 2026 15:04:11.519 * 100 changes in 300 seconds. Saving...
45:M 28 Aug 2026 15:04:11.526 * Background saving started by pid 232
232:C 28 Aug 2026 15:04:11.528 * BGSAVE done, 8 keys saved, 0 keys skipped, 3694 bytes written.
232:C 28 Aug 2026 15:04:11.529 * DB saved on disk
232:C 28 Aug 2026 15:04:11.529 * Fork CoW for RDB: current 0 MB, peak 0 MB, average 0 MB
45:M 28 Aug 2026 15:04:11.629 * Background saving terminated with success
45:M 28 Aug 2026 15:27:11.466 * 100 changes in 300 seconds. Saving...
45:M 28 Aug 2026 15:27:11.471 * Background saving started by pid 233
233:C 28 Aug 2026 15:27:11.473 * BGSAVE done, 8 keys saved, 0 keys skipped, 3694 bytes written.
233:C 28 Aug 2026 15:27:11.474 * DB saved on disk
233:C 28 Aug 2026 15:27:11.474 * Fork CoW for RDB: current 0 MB, peak 0 MB, average 0 MB
45:M 28 Aug 2026 15:27:11.576 * Background saving terminated with success
45:M 28 Aug 2026 15:50:11.486 * 100 changes in 300 seconds. Saving...
45:M 28 Aug 2026 15:50:11.494 * Background saving started by pid 234
234:C 28 Aug 2026 15:50:11.496 * BGSAVE done, 8 keys saved, 0 keys skipped, 3694 bytes written.
234:C 28 Aug 2026 15:50:11.497 * DB saved on disk
234:C 28 Aug 2026 15:50:11.497 * Fork CoW for RDB: current 0 MB, peak 0 MB, average 0 MB
45:M 28 Aug 2026 15:50:11.596 * Background saving terminated with success
45:M 28 Aug 2026 16:12:41.481 * 100 changes in 300 seconds. Saving...
45:M 28 Aug 2026 16:12:41.489 * Background saving started by pid 235
235:C 28 Aug 2026 16:12:41.491 * BGSAVE done, 8 keys saved, 0 keys skipped, 3694 bytes written.
235:C 28 Aug 2026 16:12:41.492 * DB saved on disk
235:C 28 Aug 2026 16:12:41.492 * Fork CoW for RDB: current 0 MB, peak 0 MB, average 0 MB
45:M 28 Aug 2026 16:12:41.590 * Background saving terminated with success
45:M 28 Aug 2026 16:34:39.611 * 100 changes in 300 seconds. Saving...
45:M 28 Aug 2026 16:34:39.620 * Background saving started by pid 236
236:C 28 Aug 2026 16:34:39.622 * BGSAVE done, 8 keys saved, 0 keys skipped, 3694 bytes written.
236:C 28 Aug 2026 16:34:39.623 * DB saved on disk
236:C 28 Aug 2026 16:34:39.623 * Fork CoW for RDB: current 0 MB, peak 0 MB, average 0 MB
45:M 28 Aug 2026 16:34:39.735 * Background saving terminated with success
45:M 28 Aug 2026 16:56:57.274 * 100 changes in 300 seconds. Saving...
45:M 28 Aug 2026 16:56:57.278 * Background saving started by pid 237
237:C 28 Aug 2026 16:56:57.280 * BGSAVE done, 8 keys saved, 0 keys skipped, 3694 bytes written.
237:C 28 Aug 2026 16:56:57.281 * DB saved on disk
237:C 28 Aug 2026 16:56:57.282 * Fork CoW for RDB: current 0 MB, peak 0 MB, average 0 MB
45:M 28 Aug 2026 16:56:57.384 * Background saving terminated with success
45:M 28 Aug 2026 17:20:41.480 * 100 changes in 300 seconds. Saving...
45:M 28 Aug 2026 17:20:41.487 * Background saving started by pid 238
238:C 28 Aug 2026 17:20:41.489 * BGSAVE done, 8 keys saved, 0 keys skipped, 3694 bytes written.
238:C 28 Aug 2026 17:20:41.490 * DB saved on disk
238:C 28 Aug 2026 17:20:41.490 * Fork CoW for RDB: current 0 MB, peak 0 MB, average 0 MB
45:M 28 Aug 2026 17:20:41.591 * Background saving terminated with success
45:M 28 Aug 2026 17:34:41.539 * 100 changes in 300 seconds. Saving...
45:M 28 Aug 2026 17:34:41.548 * Background saving started by pid 239
239:C 28 Aug 2026 17:34:41.550 * BGSAVE done, 10 keys saved, 0 keys skipped, 9501 bytes written.
239:C 28 Aug 2026 17:34:41.552 * DB saved on disk
239:C 28 Aug 2026 17:34:41.552 * Fork CoW for RDB: current 0 MB, peak 0 MB, average 0 MB
45:M 28 Aug 2026 17:34:41.662 * Background saving terminated with success
45:M 28 Aug 2026 17:58:41.532 * 100 changes in 300 seconds. Saving...
45:M 28 Aug 2026 17:58:41.540 * Background saving started by pid 240
240:C 28 Aug 2026 17:58:41.542 * BGSAVE done, 8 keys saved, 0 keys skipped, 3694 bytes written.
240:C 28 Aug 2026 17:58:41.543 * DB saved on disk
240:C 28 Aug 2026 17:58:41.543 * Fork CoW for RDB: current 0 MB, peak 0 MB, average 0 MB
45:M 28 Aug 2026 17:58:41.641 * Background saving terminated with success
45:M 28 Aug 2026 18:23:11.498 * 100 changes in 300 seconds. Saving...
45:M 28 Aug 2026 18:23:11.505 * Background saving started by pid 241
241:C 28 Aug 2026 18:23:11.507 * BGSAVE done, 8 keys saved, 0 keys skipped, 3694 bytes written.
241:C 28 Aug 2026 18:23:11.508 * DB saved on disk
241:C 28 Aug 2026 18:23:11.508 * Fork CoW for RDB: current 0 MB, peak 0 MB, average 0 MB
45:M 28 Aug 2026 18:23:11.607 * Background saving terminated with success
45:M 28 Aug 2026 18:48:11.497 * 100 changes in 300 seconds. Saving...
45:M 28 Aug 2026 18:48:11.504 * Background saving started by pid 242
242:C 28 Aug 2026 18:48:11.506 * BGSAVE done, 8 keys saved, 0 keys skipped, 3694 bytes written.
242:C 28 Aug 2026 18:48:11.507 * DB saved on disk
242:C 28 Aug 2026 18:48:11.507 * Fork CoW for RDB: current 0 MB, peak 0 MB, average 0 MB
45:M 28 Aug 2026 18:48:11.607 * Background saving terminated with success
45:M 28 Aug 2026 19:12:41.466 * 100 changes in 300 seconds. Saving...
45:M 28 Aug 2026 19:12:41.470 * Background saving started by pid 243
243:C 28 Aug 2026 19:12:41.472 * BGSAVE done, 8 keys saved, 0 keys skipped, 3694 bytes written.
243:C 28 Aug 2026 19:12:41.473 * DB saved on disk
243:C 28 Aug 2026 19:12:41.473 * Fork CoW for RDB: current 0 MB, peak 0 MB, average 0 MB
45:M 28 Aug 2026 19:12:41.577 * Background saving terminated with success
45:M 28 Aug 2026 19:37:41.480 * 100 changes in 300 seconds. Saving...
45:M 28 Aug 2026 19:37:41.488 * Background saving started by pid 244
244:C 28 Aug 2026 19:37:41.490 * BGSAVE done, 8 keys saved, 0 keys skipped, 3694 bytes written.
244:C 28 Aug 2026 19:37:41.491 * DB saved on disk
244:C 28 Aug 2026 19:37:41.491 * Fork CoW for RDB: current 0 MB, peak 0 MB, average 0 MB
45:M 28 Aug 2026 19:37:41.591 * Background saving terminated with success
45:M 28 Aug 2026 20:02:41.462 * 100 changes in 300 seconds. Saving...
45:M 28 Aug 2026 20:02:41.469 * Background saving started by pid 245
245:C 28 Aug 2026 20:02:41.471 * BGSAVE done, 8 keys saved, 0 keys skipped, 3694 bytes written.
245:C 28 Aug 2026 20:02:41.472 * DB saved on disk
245:C 28 Aug 2026 20:02:41.472 * Fork CoW for RDB: current 0 MB, peak 0 MB, average 0 MB
45:M 28 Aug 2026 20:02:41.572 * Background saving terminated with success
45:M 28 Aug 2026 20:27:11.561 * 100 changes in 300 seconds. Saving...
45:M 28 Aug 2026 20:27:11.568 * Background saving started by pid 246
246:C 28 Aug 2026 20:27:11.570 * BGSAVE done, 8 keys saved, 0 keys skipped, 3694 bytes written.
246:C 28 Aug 2026 20:27:11.573 * DB saved on disk
246:C 28 Aug 2026 20:27:11.573 * Fork CoW for RDB: current 0 MB, peak 0 MB, average 0 MB
45:M 28 Aug 2026 20:27:11.672 * Background saving terminated with success
45:M 28 Aug 2026 20:52:11.514 * 100 changes in 300 seconds. Saving...
45:M 28 Aug 2026 20:52:11.519 * Background saving started by pid 247
247:C 28 Aug 2026 20:52:11.521 * BGSAVE done, 8 keys saved, 0 keys skipped, 3694 bytes written.
247:C 28 Aug 2026 20:52:11.522 * DB saved on disk
247:C 28 Aug 2026 20:52:11.522 * Fork CoW for RDB: current 0 MB, peak 0 MB, average 0 MB
45:M 28 Aug 2026 20:52:11.624 * Background saving terminated with success
45:M 28 Aug 2026 21:16:41.468 * 100 changes in 300 seconds. Saving...
45:M 28 Aug 2026 21:16:41.475 * Background saving started by pid 248
248:C 28 Aug 2026 21:16:41.477 * BGSAVE done, 8 keys saved, 0 keys skipped, 3694 bytes written.
248:C 28 Aug 2026 21:16:41.478 * DB saved on disk
248:C 28 Aug 2026 21:16:41.478 * Fork CoW for RDB: current 0 MB, peak 0 MB, average 0 MB
45:M 28 Aug 2026 21:16:41.578 * Background saving terminated with success
45:M 28 Aug 2026 21:41:41.549 * 100 changes in 300 seconds. Saving...
45:M 28 Aug 2026 21:41:41.556 * Background saving started by pid 249
249:C 28 Aug 2026 21:41:41.558 * BGSAVE done, 8 keys saved, 0 keys skipped, 3694 bytes written.
249:C 28 Aug 2026 21:41:41.561 * DB saved on disk
249:C 28 Aug 2026 21:41:41.561 * Fork CoW for RDB: current 0 MB, peak 0 MB, average 0 MB
45:M 28 Aug 2026 21:41:41.657 * Background saving terminated with success
45:M 28 Aug 2026 22:06:41.539 * 100 changes in 300 seconds. Saving...
45:M 28 Aug 2026 22:06:41.547 * Background saving started by pid 250
250:C 28 Aug 2026 22:06:41.549 * BGSAVE done, 8 keys saved, 0 keys skipped, 3694 bytes written.
250:C 28 Aug 2026 22:06:41.552 * DB saved on disk
250:C 28 Aug 2026 22:06:41.552 * Fork CoW for RDB: current 0 MB, peak 0 MB, average 0 MB
45:M 28 Aug 2026 22:06:41.648 * Background saving terminated with success
45:M 28 Aug 2026 22:31:11.559 * 100 changes in 300 seconds. Saving...
45:M 28 Aug 2026 22:31:11.567 * Background saving started by pid 251
251:C 28 Aug 2026 22:31:11.569 * BGSAVE done, 8 keys saved, 0 keys skipped, 3694 bytes written.
251:C 28 Aug 2026 22:31:11.571 * DB saved on disk
251:C 28 Aug 2026 22:31:11.572 * Fork CoW for RDB: current 0 MB, peak 0 MB, average 0 MB
45:M 28 Aug 2026 22:31:11.671 * Background saving terminated with success
45:M 28 Aug 2026 22:53:11.511 * 100 changes in 300 seconds. Saving...
45:M 28 Aug 2026 22:53:11.519 * Background saving started by pid 252
252:C 28 Aug 2026 22:53:11.521 * BGSAVE done, 8 keys saved, 0 keys skipped, 3694 bytes written.
252:C 28 Aug 2026 22:53:11.522 * DB saved on disk
252:C 28 Aug 2026 22:53:11.522 * Fork CoW for RDB: current 0 MB, peak 0 MB, average 0 MB
45:M 28 Aug 2026 22:53:11.621 * Background saving terminated with success
45:M 28 Aug 2026 23:08:41.459 * 100 changes in 300 seconds. Saving...
45:M 28 Aug 2026 23:08:41.466 * Background saving started by pid 253
253:C 28 Aug 2026 23:08:41.468 * BGSAVE done, 8 keys saved, 0 keys skipped, 3694 bytes written.
253:C 28 Aug 2026 23:08:41.469 * DB saved on disk
253:C 28 Aug 2026 23:08:41.469 * Fork CoW for RDB: current 0 MB, peak 0 MB, average 0 MB
45:M 28 Aug 2026 23:08:41.566 * Background saving terminated with success
45:M 28 Aug 2026 23:33:11.546 * 100 changes in 300 seconds. Saving...
45:M 28 Aug 2026 23:33:11.550 * Background saving started by pid 254
254:C 28 Aug 2026 23:33:11.552 * BGSAVE done, 8 keys saved, 0 keys skipped, 3694 bytes written.
254:C 28 Aug 2026 23:33:11.555 * DB saved on disk
254:C 28 Aug 2026 23:33:11.555 * Fork CoW for RDB: current 0 MB, peak 0 MB, average 0 MB
45:M 28 Aug 2026 23:33:11.653 * Background saving terminated with success
45:M 28 Aug 2026 23:56:11.513 * 100 changes in 300 seconds. Saving...
45:M 28 Aug 2026 23:56:11.519 * Background saving started by pid 255
255:C 28 Aug 2026 23:56:11.520 * BGSAVE done, 8 keys saved, 0 keys skipped, 3694 bytes written.
255:C 28 Aug 2026 23:56:11.522 * DB saved on disk
255:C 28 Aug 2026 23:56:11.525 * Fork CoW for RDB: current 0 MB, peak 0 MB, average 0 MB
45:M 28 Aug 2026 23:56:11.624 * Background saving terminated with success
45:M 29 Aug 2026 00:17:41.490 * 100 changes in 300 seconds. Saving...
45:M 29 Aug 2026 00:17:41.497 * Background saving started by pid 256
256:C 29 Aug 2026 00:17:41.499 * BGSAVE done, 8 keys saved, 0 keys skipped, 3694 bytes written.
256:C 29 Aug 2026 00:17:41.500 * DB saved on disk
256:C 29 Aug 2026 00:17:41.500 * Fork CoW for RDB: current 0 MB, peak 0 MB, average 0 MB
45:M 29 Aug 2026 00:17:41.598 * Background saving terminated with success
45:M 29 Aug 2026 00:37:41.522 * 100 changes in 300 seconds. Saving...
45:M 29 Aug 2026 00:37:41.533 * Background saving started by pid 257
257:C 29 Aug 2026 00:37:41.536 * BGSAVE done, 8 keys saved, 0 keys skipped, 3694 bytes written.
257:C 29 Aug 2026 00:37:41.537 * DB saved on disk
257:C 29 Aug 2026 00:37:41.537 * Fork CoW for RDB: current 0 MB, peak 0 MB, average 0 MB
45:M 29 Aug 2026 00:37:41.646 * Background saving terminated with success
45:M 29 Aug 2026 00:56:11.477 * 100 changes in 300 seconds. Saving...
45:M 29 Aug 2026 00:56:11.484 * Background saving started by pid 258
258:C 29 Aug 2026 00:56:11.486 * BGSAVE done, 8 keys saved, 0 keys skipped, 3694 bytes written.
258:C 29 Aug 2026 00:56:11.487 * DB saved on disk
258:C 29 Aug 2026 00:56:11.487 * Fork CoW for RDB: current 0 MB, peak 0 MB, average 0 MB
45:M 29 Aug 2026 00:56:11.589 * Background saving terminated with success
45:M 29 Aug 2026 01:16:11.548 * 100 changes in 300 seconds. Saving...
45:M 29 Aug 2026 01:16:11.556 * Background saving started by pid 259
259:C 29 Aug 2026 01:16:11.558 * BGSAVE done, 10 keys saved, 0 keys skipped, 6880 bytes written.
259:C 29 Aug 2026 01:16:11.561 * DB saved on disk
259:C 29 Aug 2026 01:16:11.561 * Fork CoW for RDB: current 0 MB, peak 0 MB, average 0 MB
45:M 29 Aug 2026 01:16:11.658 * Background saving terminated with success
45:M 29 Aug 2026 01:37:41.503 * 100 changes in 300 seconds. Saving...
45:M 29 Aug 2026 01:37:41.511 * Background saving started by pid 260
260:C 29 Aug 2026 01:37:41.513 * BGSAVE done, 8 keys saved, 0 keys skipped, 3694 bytes written.
260:C 29 Aug 2026 01:37:41.514 * DB saved on disk
260:C 29 Aug 2026 01:37:41.514 * Fork CoW for RDB: current 0 MB, peak 0 MB, average 0 MB
45:M 29 Aug 2026 01:37:41.613 * Background saving terminated with success
45:M 29 Aug 2026 01:57:42.985 * 100 changes in 300 seconds. Saving...
45:M 29 Aug 2026 01:57:42.991 * Background saving started by pid 261
261:C 29 Aug 2026 01:57:42.993 * BGSAVE done, 10 keys saved, 0 keys skipped, 6404 bytes written.
261:C 29 Aug 2026 01:57:42.996 * DB saved on disk
261:C 29 Aug 2026 01:57:42.996 * Fork CoW for RDB: current 0 MB, peak 0 MB, average 0 MB
45:M 29 Aug 2026 01:57:43.094 * Background saving terminated with success
45:M 29 Aug 2026 02:16:15.002 * 100 changes in 300 seconds. Saving...
45:M 29 Aug 2026 02:16:15.010 * Background saving started by pid 262
262:C 29 Aug 2026 02:16:15.012 * BGSAVE done, 10 keys saved, 0 keys skipped, 6557 bytes written.
262:C 29 Aug 2026 02:16:15.013 * DB saved on disk
262:C 29 Aug 2026 02:16:15.013 * Fork CoW for RDB: current 0 MB, peak 0 MB, average 0 MB
45:M 29 Aug 2026 02:16:15.112 * Background saving terminated with success
45:M 29 Aug 2026 02:40:11.522 * 100 changes in 300 seconds. Saving...
45:M 29 Aug 2026 02:40:11.530 * Background saving started by pid 263
263:C 29 Aug 2026 02:40:11.532 * BGSAVE done, 8 keys saved, 0 keys skipped, 3694 bytes written.
263:C 29 Aug 2026 02:40:11.533 * DB saved on disk
263:C 29 Aug 2026 02:40:11.533 * Fork CoW for RDB: current 0 MB, peak 0 MB, average 0 MB
45:M 29 Aug 2026 02:40:11.632 * Background saving terminated with success
45:M 29 Aug 2026 02:58:11.470 * 100 changes in 300 seconds. Saving...
45:M 29 Aug 2026 02:58:11.479 * Background saving started by pid 264
264:C 29 Aug 2026 02:58:11.481 * BGSAVE done, 8 keys saved, 0 keys skipped, 3694 bytes written.
264:C 29 Aug 2026 02:58:11.482 * DB saved on disk
264:C 29 Aug 2026 02:58:11.482 * Fork CoW for RDB: current 0 MB, peak 0 MB, average 0 MB
45:M 29 Aug 2026 02:58:11.580 * Background saving terminated with success
45:M 29 Aug 2026 03:22:41.470 * 100 changes in 300 seconds. Saving...
45:M 29 Aug 2026 03:22:41.478 * Background saving started by pid 265
265:C 29 Aug 2026 03:22:41.480 * BGSAVE done, 8 keys saved, 0 keys skipped, 3694 bytes written.
265:C 29 Aug 2026 03:22:41.481 * DB saved on disk
265:C 29 Aug 2026 03:22:41.481 * Fork CoW for RDB: current 0 MB, peak 0 MB, average 0 MB
45:M 29 Aug 2026 03:22:41.581 * Background saving terminated with success
45:M 29 Aug 2026 03:47:41.503 * 100 changes in 300 seconds. Saving...
45:M 29 Aug 2026 03:47:41.511 * Background saving started by pid 266
266:C 29 Aug 2026 03:47:41.513 * BGSAVE done, 8 keys saved, 0 keys skipped, 3694 bytes written.
266:C 29 Aug 2026 03:47:41.514 * DB saved on disk
266:C 29 Aug 2026 03:47:41.514 * Fork CoW for RDB: current 0 MB, peak 0 MB, average 0 MB
45:M 29 Aug 2026 03:47:41.613 * Background saving terminated with success
45:M 29 Aug 2026 04:12:11.513 * 100 changes in 300 seconds. Saving...
45:M 29 Aug 2026 04:12:11.520 * Background saving started by pid 267
267:C 29 Aug 2026 04:12:11.522 * BGSAVE done, 8 keys saved, 0 keys skipped, 3694 bytes written.
267:C 29 Aug 2026 04:12:11.523 * DB saved on disk
267:C 29 Aug 2026 04:12:11.523 * Fork CoW for RDB: current 0 MB, peak 0 MB, average 0 MB
45:M 29 Aug 2026 04:12:11.623 * Background saving terminated with success
45:M 29 Aug 2026 04:37:11.487 * 100 changes in 300 seconds. Saving...
45:M 29 Aug 2026 04:37:11.494 * Background saving started by pid 268
268:C 29 Aug 2026 04:37:11.496 * BGSAVE done, 8 keys saved, 0 keys skipped, 3694 bytes written.
268:C 29 Aug 2026 04:37:11.497 * DB saved on disk
268:C 29 Aug 2026 04:37:11.497 * Fork CoW for RDB: current 0 MB, peak 0 MB, average 0 MB
45:M 29 Aug 2026 04:37:11.598 * Background saving terminated with success
45:M 29 Aug 2026 05:02:11.472 * 100 changes in 300 seconds. Saving...
45:M 29 Aug 2026 05:02:11.479 * Background saving started by pid 269
269:C 29 Aug 2026 05:02:11.481 * BGSAVE done, 8 keys saved, 0 keys skipped, 3694 bytes written.
269:C 29 Aug 2026 05:02:11.482 * DB saved on disk
269:C 29 Aug 2026 05:02:11.482 * Fork CoW for RDB: current 0 MB, peak 0 MB, average 0 MB
45:M 29 Aug 2026 05:02:11.582 * Background saving terminated with success
45:M 29 Aug 2026 05:26:41.546 * 100 changes in 300 seconds. Saving...
45:M 29 Aug 2026 05:26:41.553 * Background saving started by pid 270
270:C 29 Aug 2026 05:26:41.555 * BGSAVE done, 8 keys saved, 0 keys skipped, 3694 bytes written.
270:C 29 Aug 2026 05:26:41.558 * DB saved on disk
270:C 29 Aug 2026 05:26:41.558 * Fork CoW for RDB: current 0 MB, peak 0 MB, average 0 MB
45:M 29 Aug 2026 05:26:41.656 * Background saving terminated with success
45:M 29 Aug 2026 05:51:41.479 * 100 changes in 300 seconds. Saving...
45:M 29 Aug 2026 05:51:41.487 * Background saving started by pid 271
271:C 29 Aug 2026 05:51:41.488 * BGSAVE done, 8 keys saved, 0 keys skipped, 3694 bytes written.
271:C 29 Aug 2026 05:51:41.489 * DB saved on disk
271:C 29 Aug 2026 05:51:41.490 * Fork CoW for RDB: current 0 MB, peak 0 MB, average 0 MB
45:M 29 Aug 2026 05:51:41.590 * Background saving terminated with success
45:M 29 Aug 2026 06:16:11.457 * 100 changes in 300 seconds. Saving...
45:M 29 Aug 2026 06:16:11.464 * Background saving started by pid 272
272:C 29 Aug 2026 06:16:11.466 * BGSAVE done, 8 keys saved, 0 keys skipped, 3694 bytes written.
272:C 29 Aug 2026 06:16:11.467 * DB saved on disk
272:C 29 Aug 2026 06:16:11.467 * Fork CoW for RDB: current 0 MB, peak 0 MB, average 0 MB
45:M 29 Aug 2026 06:16:11.569 * Background saving terminated with success
45:M 29 Aug 2026 06:41:11.538 * 100 changes in 300 seconds. Saving...
45:M 29 Aug 2026 06:41:11.545 * Background saving started by pid 273
273:C 29 Aug 2026 06:41:11.547 * BGSAVE done, 8 keys saved, 0 keys skipped, 3694 bytes written.
273:C 29 Aug 2026 06:41:11.548 * DB saved on disk
273:C 29 Aug 2026 06:41:11.548 * Fork CoW for RDB: current 0 MB, peak 0 MB, average 0 MB
45:M 29 Aug 2026 06:41:11.647 * Background saving terminated with success
45:M 29 Aug 2026 07:06:11.470 * 100 changes in 300 seconds. Saving...
45:M 29 Aug 2026 07:06:11.477 * Background saving started by pid 274
274:C 29 Aug 2026 07:06:11.479 * BGSAVE done, 8 keys saved, 0 keys skipped, 3694 bytes written.
274:C 29 Aug 2026 07:06:11.480 * DB saved on disk
274:C 29 Aug 2026 07:06:11.480 * Fork CoW for RDB: current 0 MB, peak 0 MB, average 0 MB
45:M 29 Aug 2026 07:06:11.581 * Background saving terminated with success
45:M 29 Aug 2026 07:30:41.494 * 100 changes in 300 seconds. Saving...
45:M 29 Aug 2026 07:30:41.502 * Background saving started by pid 275
275:C 29 Aug 2026 07:30:41.504 * BGSAVE done, 8 keys saved, 0 keys skipped, 3694 bytes written.
275:C 29 Aug 2026 07:30:41.505 * DB saved on disk
275:C 29 Aug 2026 07:30:41.505 * Fork CoW for RDB: current 0 MB, peak 0 MB, average 0 MB
45:M 29 Aug 2026 07:30:41.604 * Background saving terminated with success
45:M 29 Aug 2026 07:48:11.547 * 100 changes in 300 seconds. Saving...
45:M 29 Aug 2026 07:48:11.558 * Background saving started by pid 276
276:C 29 Aug 2026 07:48:11.560 * BGSAVE done, 8 keys saved, 0 keys skipped, 3694 bytes written.
276:C 29 Aug 2026 07:48:11.563 * DB saved on disk
276:C 29 Aug 2026 07:48:11.563 * Fork CoW for RDB: current 0 MB, peak 0 MB, average 0 MB
45:M 29 Aug 2026 07:48:11.670 * Background saving terminated with success
45:M 29 Aug 2026 08:02:11.479 * 100 changes in 300 seconds. Saving...
45:M 29 Aug 2026 08:02:11.487 * Background saving started by pid 277
277:C 29 Aug 2026 08:02:11.489 * BGSAVE done, 8 keys saved, 0 keys skipped, 3694 bytes written.
277:C 29 Aug 2026 08:02:11.490 * DB saved on disk
277:C 29 Aug 2026 08:02:11.490 * Fork CoW for RDB: current 0 MB, peak 0 MB, average 0 MB
45:M 29 Aug 2026 08:02:11.587 * Background saving terminated with success
45:M 29 Aug 2026 08:15:41.550 * 100 changes in 300 seconds. Saving...
45:M 29 Aug 2026 08:15:41.555 * Background saving started by pid 278
278:C 29 Aug 2026 08:15:41.557 * BGSAVE done, 8 keys saved, 0 keys skipped, 3694 bytes written.
278:C 29 Aug 2026 08:15:41.560 * DB saved on disk
278:C 29 Aug 2026 08:15:41.560 * Fork CoW for RDB: current 0 MB, peak 0 MB, average 0 MB
45:M 29 Aug 2026 08:15:41.658 * Background saving terminated with success
45:M 29 Aug 2026 08:30:24.986 * 100 changes in 300 seconds. Saving...
45:M 29 Aug 2026 08:30:24.991 * Background saving started by pid 279
279:C 29 Aug 2026 08:30:24.993 * BGSAVE done, 8 keys saved, 0 keys skipped, 3694 bytes written.
279:C 29 Aug 2026 08:30:24.996 * DB saved on disk
279:C 29 Aug 2026 08:30:24.996 * Fork CoW for RDB: current 0 MB, peak 0 MB, average 0 MB
45:M 29 Aug 2026 08:30:25.094 * Background saving terminated with success
45:M 29 Aug 2026 08:46:09.353 * 100 changes in 300 seconds. Saving...
45:M 29 Aug 2026 08:46:09.361 * Background saving started by pid 280
280:C 29 Aug 2026 08:46:09.364 * BGSAVE done, 10 keys saved, 0 keys skipped, 12321 bytes written.
280:C 29 Aug 2026 08:46:09.365 * DB saved on disk
280:C 29 Aug 2026 08:46:09.365 * Fork CoW for RDB: current 0 MB, peak 0 MB, average 0 MB
45:M 29 Aug 2026 08:46:09.463 * Background saving terminated with success
45:M 29 Aug 2026 08:54:11.475 * 100 changes in 300 seconds. Saving...
45:M 29 Aug 2026 08:54:11.483 * Background saving started by pid 281
281:C 29 Aug 2026 08:54:11.486 * BGSAVE done, 8 keys saved, 0 keys skipped, 3694 bytes written.
281:C 29 Aug 2026 08:54:11.487 * DB saved on disk
281:C 29 Aug 2026 08:54:11.487 * Fork CoW for RDB: current 0 MB, peak 0 MB, average 0 MB
45:M 29 Aug 2026 08:54:11.585 * Background saving terminated with success
45:M 29 Aug 2026 09:14:41.522 * 100 changes in 300 seconds. Saving...
45:M 29 Aug 2026 09:14:41.531 * Background saving started by pid 282
282:C 29 Aug 2026 09:14:41.534 * BGSAVE done, 8 keys saved, 0 keys skipped, 3694 bytes written.
282:C 29 Aug 2026 09:14:41.536 * DB saved on disk
282:C 29 Aug 2026 09:14:41.536 * Fork CoW for RDB: current 0 MB, peak 0 MB, average 0 MB
45:M 29 Aug 2026 09:14:41.644 * Background saving terminated with success
45:M 29 Aug 2026 09:26:11.535 * 100 changes in 300 seconds. Saving...
45:M 29 Aug 2026 09:26:11.541 * Background saving started by pid 283
283:C 29 Aug 2026 09:26:11.544 * BGSAVE done, 8 keys saved, 0 keys skipped, 3694 bytes written.
283:C 29 Aug 2026 09:26:11.545 * DB saved on disk
283:C 29 Aug 2026 09:26:11.545 * Fork CoW for RDB: current 0 MB, peak 0 MB, average 0 MB
45:M 29 Aug 2026 09:26:11.644 * Background saving terminated with success
45:M 29 Aug 2026 09:41:11.555 * 100 changes in 300 seconds. Saving...
45:M 29 Aug 2026 09:41:11.564 * Background saving started by pid 284
284:C 29 Aug 2026 09:41:11.567 * BGSAVE done, 10 keys saved, 0 keys skipped, 20374 bytes written.
284:C 29 Aug 2026 09:41:11.570 * DB saved on disk
284:C 29 Aug 2026 09:41:11.570 * Fork CoW for RDB: current 0 MB, peak 0 MB, average 0 MB
45:M 29 Aug 2026 09:41:11.679 * Background saving terminated with success
45:M 29 Aug 2026 09:50:13.345 * 100 changes in 300 seconds. Saving...
45:M 29 Aug 2026 09:50:13.352 * Background saving started by pid 285
285:C 29 Aug 2026 09:50:13.354 * BGSAVE done, 10 keys saved, 0 keys skipped, 9474 bytes written.
285:C 29 Aug 2026 09:50:13.355 * DB saved on disk
285:C 29 Aug 2026 09:50:13.356 * Fork CoW for RDB: current 0 MB, peak 0 MB, average 0 MB
45:M 29 Aug 2026 09:50:13.456 * Background saving terminated with success
45:M 29 Aug 2026 09:55:14.024 * 100 changes in 300 seconds. Saving...
45:M 29 Aug 2026 09:55:14.040 * Background saving started by pid 286
286:C 29 Aug 2026 09:55:14.042 * BGSAVE done, 8 keys saved, 0 keys skipped, 3694 bytes written.
286:C 29 Aug 2026 09:55:14.045 * DB saved on disk
286:C 29 Aug 2026 09:55:14.045 * Fork CoW for RDB: current 0 MB, peak 0 MB, average 0 MB
45:M 29 Aug 2026 09:55:14.149 * Background saving terminated with success
45:M 29 Aug 2026 10:04:41.530 * 100 changes in 300 seconds. Saving...
45:M 29 Aug 2026 10:04:41.539 * Background saving started by pid 287
287:C 29 Aug 2026 10:04:41.542 * BGSAVE done, 11 keys saved, 0 keys skipped, 30400 bytes written.
287:C 29 Aug 2026 10:04:41.543 * DB saved on disk
287:C 29 Aug 2026 10:04:41.543 * Fork CoW for RDB: current 0 MB, peak 0 MB, average 0 MB
45:M 29 Aug 2026 10:04:41.653 * Background saving terminated with success
45:M 29 Aug 2026 10:16:11.467 * 100 changes in 300 seconds. Saving...
45:M 29 Aug 2026 10:16:11.477 * Background saving started by pid 288
288:C 29 Aug 2026 10:16:11.480 * BGSAVE done, 8 keys saved, 0 keys skipped, 3694 bytes written.
288:C 29 Aug 2026 10:16:11.481 * DB saved on disk
288:C 29 Aug 2026 10:16:11.481 * Fork CoW for RDB: current 0 MB, peak 0 MB, average 0 MB
45:M 29 Aug 2026 10:16:11.592 * Background saving terminated with success
45:M 29 Aug 2026 10:21:12.056 * 100 changes in 300 seconds. Saving...
45:M 29 Aug 2026 10:21:12.065 * Background saving started by pid 289
289:C 29 Aug 2026 10:21:12.067 * BGSAVE done, 8 keys saved, 0 keys skipped, 3694 bytes written.
289:C 29 Aug 2026 10:21:12.071 * DB saved on disk
289:C 29 Aug 2026 10:21:12.071 * Fork CoW for RDB: current 0 MB, peak 0 MB, average 0 MB
45:M 29 Aug 2026 10:21:12.177 * Background saving terminated with success
45:M 29 Aug 2026 10:34:11.474 * 100 changes in 300 seconds. Saving...
45:M 29 Aug 2026 10:34:11.705 * Background saving started by pid 290
290:C 29 Aug 2026 10:34:11.708 * BGSAVE done, 8 keys saved, 0 keys skipped, 3694 bytes written.
290:C 29 Aug 2026 10:34:11.711 * DB saved on disk
290:C 29 Aug 2026 10:34:11.711 * Fork CoW for RDB: current 0 MB, peak 0 MB, average 0 MB
45:M 29 Aug 2026 10:34:11.817 * Background saving terminated with success
45:M 29 Aug 2026 10:45:23.636 * 100 changes in 300 seconds. Saving...
45:M 29 Aug 2026 10:45:23.642 * Background saving started by pid 291
291:C 29 Aug 2026 10:45:23.645 * BGSAVE done, 10 keys saved, 0 keys skipped, 40094 bytes written.
291:C 29 Aug 2026 10:45:23.647 * DB saved on disk
291:C 29 Aug 2026 10:45:23.647 * Fork CoW for RDB: current 0 MB, peak 0 MB, average 0 MB
45:M 29 Aug 2026 10:45:23.745 * Background saving terminated with success
45:M 29 Aug 2026 10:50:24.097 * 100 changes in 300 seconds. Saving...
45:M 29 Aug 2026 10:50:24.107 * Background saving started by pid 292
292:C 29 Aug 2026 10:50:24.110 * BGSAVE done, 10 keys saved, 0 keys skipped, 40094 bytes written.
292:C 29 Aug 2026 10:50:24.113 * DB saved on disk
292:C 29 Aug 2026 10:50:24.113 * Fork CoW for RDB: current 0 MB, peak 0 MB, average 0 MB
45:M 29 Aug 2026 10:50:24.221 * Background saving terminated with success
45:M 29 Aug 2026 10:56:49.927 * 100 changes in 300 seconds. Saving...
45:M 29 Aug 2026 10:56:49.936 * Background saving started by pid 293
293:C 29 Aug 2026 10:56:49.938 * BGSAVE done, 10 keys saved, 0 keys skipped, 10850 bytes written.
293:C 29 Aug 2026 10:56:49.939 * DB saved on disk
293:C 29 Aug 2026 10:56:49.939 * Fork CoW for RDB: current 0 MB, peak 0 MB, average 0 MB
45:M 29 Aug 2026 10:56:50.051 * Background saving terminated with success
45:M 29 Aug 2026 11:02:27.520 * 100 changes in 300 seconds. Saving...
45:M 29 Aug 2026 11:02:27.529 * Background saving started by pid 294
294:C 29 Aug 2026 11:02:27.531 * BGSAVE done, 10 keys saved, 0 keys skipped, 25347 bytes written.
294:C 29 Aug 2026 11:02:27.532 * DB saved on disk
294:C 29 Aug 2026 11:02:27.533 * Fork CoW for RDB: current 0 MB, peak 0 MB, average 0 MB
45:M 29 Aug 2026 11:02:27.642 * Background saving terminated with success
45:M 29 Aug 2026 11:07:28.058 * 100 changes in 300 seconds. Saving...
45:M 29 Aug 2026 11:07:28.068 * Background saving started by pid 295
295:C 29 Aug 2026 11:07:28.070 * BGSAVE done, 8 keys saved, 0 keys skipped, 3694 bytes written.
295:C 29 Aug 2026 11:07:28.073 * DB saved on disk
295:C 29 Aug 2026 11:07:28.074 * Fork CoW for RDB: current 0 MB, peak 0 MB, average 0 MB
45:M 29 Aug 2026 11:07:28.183 * Background saving terminated with success
45:M 29 Aug 2026 11:30:11.547 * 100 changes in 300 seconds. Saving...
45:M 29 Aug 2026 11:30:11.555 * Background saving started by pid 296
296:C 29 Aug 2026 11:30:11.557 * BGSAVE done, 8 keys saved, 0 keys skipped, 3694 bytes written.
296:C 29 Aug 2026 11:30:11.560 * DB saved on disk
296:C 29 Aug 2026 11:30:11.560 * Fork CoW for RDB: current 0 MB, peak 0 MB, average 0 MB
45:M 29 Aug 2026 11:30:11.657 * Background saving terminated with success
45:M 29 Aug 2026 11:54:11.461 * 100 changes in 300 seconds. Saving...
45:M 29 Aug 2026 11:54:11.470 * Background saving started by pid 297
297:C 29 Aug 2026 11:54:11.471 * BGSAVE done, 8 keys saved, 0 keys skipped, 3694 bytes written.
297:C 29 Aug 2026 11:54:11.473 * DB saved on disk
297:C 29 Aug 2026 11:54:11.473 * Fork CoW for RDB: current 0 MB, peak 0 MB, average 0 MB
45:M 29 Aug 2026 11:54:11.571 * Background saving terminated with success
45:M 29 Aug 2026 12:18:41.476 * 100 changes in 300 seconds. Saving...
45:M 29 Aug 2026 12:18:41.485 * Background saving started by pid 298
298:C 29 Aug 2026 12:18:41.487 * BGSAVE done, 8 keys saved, 0 keys skipped, 3694 bytes written.
298:C 29 Aug 2026 12:18:41.488 * DB saved on disk
298:C 29 Aug 2026 12:18:41.488 * Fork CoW for RDB: current 0 MB, peak 0 MB, average 0 MB
45:M 29 Aug 2026 12:18:41.601 * Background saving terminated with success
45:M 29 Aug 2026 12:43:41.547 * 100 changes in 300 seconds. Saving...
45:M 29 Aug 2026 12:43:41.556 * Background saving started by pid 299
299:C 29 Aug 2026 12:43:41.558 * BGSAVE done, 8 keys saved, 0 keys skipped, 3694 bytes written.
299:C 29 Aug 2026 12:43:41.561 * DB saved on disk
299:C 29 Aug 2026 12:43:41.561 * Fork CoW for RDB: current 0 MB, peak 0 MB, average 0 MB
45:M 29 Aug 2026 12:43:41.671 * Background saving terminated with success
45:M 29 Aug 2026 13:08:41.521 * 100 changes in 300 seconds. Saving...
45:M 29 Aug 2026 13:08:41.529 * Background saving started by pid 300
300:C 29 Aug 2026 13:08:41.531 * BGSAVE done, 8 keys saved, 0 keys skipped, 3694 bytes written.
300:C 29 Aug 2026 13:08:41.532 * DB saved on disk
300:C 29 Aug 2026 13:08:41.532 * Fork CoW for RDB: current 0 MB, peak 0 MB, average 0 MB
45:M 29 Aug 2026 13:08:41.632 * Background saving terminated with success
45:M 29 Aug 2026 13:18:16.660 * 100 changes in 300 seconds. Saving...
45:M 29 Aug 2026 13:18:16.667 * Background saving started by pid 301
301:C 29 Aug 2026 13:18:16.669 * BGSAVE done, 10 keys saved, 0 keys skipped, 7412 bytes written.
301:C 29 Aug 2026 13:18:16.670 * DB saved on disk
301:C 29 Aug 2026 13:18:16.670 * Fork CoW for RDB: current 0 MB, peak 0 MB, average 0 MB
45:M 29 Aug 2026 13:18:16.770 * Background saving terminated with success
45:M 29 Aug 2026 13:33:11.538 * 100 changes in 300 seconds. Saving...
45:M 29 Aug 2026 13:33:11.545 * Background saving started by pid 302
302:C 29 Aug 2026 13:33:11.547 * BGSAVE done, 8 keys saved, 0 keys skipped, 3694 bytes written.
302:C 29 Aug 2026 13:33:11.548 * DB saved on disk
302:C 29 Aug 2026 13:33:11.548 * Fork CoW for RDB: current 0 MB, peak 0 MB, average 0 MB
45:M 29 Aug 2026 13:33:11.661 * Background saving terminated with success
45:M 29 Aug 2026 13:44:42.227 * 100 changes in 300 seconds. Saving...
45:M 29 Aug 2026 13:44:42.234 * Background saving started by pid 303
303:C 29 Aug 2026 13:44:42.236 * BGSAVE done, 8 keys saved, 0 keys skipped, 3694 bytes written.
303:C 29 Aug 2026 13:44:42.239 * DB saved on disk
303:C 29 Aug 2026 13:44:42.239 * Fork CoW for RDB: current 0 MB, peak 0 MB, average 0 MB
45:M 29 Aug 2026 13:44:42.337 * Background saving terminated with success
45:M 29 Aug 2026 13:49:43.108 * 100 changes in 300 seconds. Saving...
45:M 29 Aug 2026 13:49:43.116 * Background saving started by pid 304
304:C 29 Aug 2026 13:49:43.119 * BGSAVE done, 8 keys saved, 0 keys skipped, 3694 bytes written.
304:C 29 Aug 2026 13:49:43.122 * DB saved on disk
304:C 29 Aug 2026 13:49:43.122 * Fork CoW for RDB: current 0 MB, peak 0 MB, average 0 MB
45:M 29 Aug 2026 13:49:43.218 * Background saving terminated with success
45:M 29 Aug 2026 13:54:44.104 * 100 changes in 300 seconds. Saving...
45:M 29 Aug 2026 13:54:44.112 * Background saving started by pid 305
305:C 29 Aug 2026 13:54:44.115 * BGSAVE done, 10 keys saved, 0 keys skipped, 27266 bytes written.
305:C 29 Aug 2026 13:54:44.118 * DB saved on disk
305:C 29 Aug 2026 13:54:44.118 * Fork CoW for RDB: current 0 MB, peak 0 MB, average 0 MB
45:M 29 Aug 2026 13:54:44.227 * Background saving terminated with success
45:M 29 Aug 2026 13:59:45.030 * 100 changes in 300 seconds. Saving...
45:M 29 Aug 2026 13:59:45.038 * Background saving started by pid 306
306:C 29 Aug 2026 13:59:45.041 * BGSAVE done, 10 keys saved, 0 keys skipped, 27268 bytes written.
306:C 29 Aug 2026 13:59:45.044 * DB saved on disk
306:C 29 Aug 2026 13:59:45.044 * Fork CoW for RDB: current 0 MB, peak 0 MB, average 0 MB
45:M 29 Aug 2026 13:59:45.153 * Background saving terminated with success
45:M 29 Aug 2026 14:01:01.543 * Starting automatic rewriting of AOF on 75511564% growth
45:M 29 Aug 2026 14:01:01.549 * Creating AOF incr file appendonly.aof.2.incr.aof on background rewrite
45:M 29 Aug 2026 14:01:01.554 * Background append only file rewriting started by pid 307
307:C 29 Aug 2026 14:01:01.557 * BGSAVE done, 10 keys saved, 0 keys skipped, 27268 bytes written.
307:C 29 Aug 2026 14:01:01.558 * Successfully created the temporary AOF base file temp-rewriteaof-bg-307.aof
307:C 29 Aug 2026 14:01:01.558 * Fork CoW for AOF rewrite: current 0 MB, peak 0 MB, average 0 MB
45:M 29 Aug 2026 14:01:01.664 * Background AOF rewrite terminated with success
45:M 29 Aug 2026 14:01:01.665 * Successfully renamed the temporary AOF base file temp-rewriteaof-bg-307.aof into appendonly.aof.2.base.rdb
45:M 29 Aug 2026 14:01:01.669 * Removing the history file appendonly.aof.1.incr.aof in the background
45:M 29 Aug 2026 14:01:01.670 * Removing the history file appendonly.aof.1.base.rdb in the background
45:M 29 Aug 2026 14:01:01.678 * Background AOF rewrite finished successfully
45:M 29 Aug 2026 14:06:41.537 * 100 changes in 300 seconds. Saving...
45:M 29 Aug 2026 14:06:41.546 * Background saving started by pid 308
308:C 29 Aug 2026 14:06:41.549 * BGSAVE done, 8 keys saved, 0 keys skipped, 3694 bytes written.
308:C 29 Aug 2026 14:06:41.552 * DB saved on disk
308:C 29 Aug 2026 14:06:41.553 * Fork CoW for RDB: current 0 MB, peak 0 MB, average 0 MB
45:M 29 Aug 2026 14:06:41.661 * Background saving terminated with success
45:M 29 Aug 2026 14:11:42.057 * 100 changes in 300 seconds. Saving...
45:M 29 Aug 2026 14:11:42.065 * Background saving started by pid 309
309:C 29 Aug 2026 14:11:42.068 * BGSAVE done, 10 keys saved, 0 keys skipped, 17339 bytes written.
309:C 29 Aug 2026 14:11:42.071 * DB saved on disk
309:C 29 Aug 2026 14:11:42.071 * Fork CoW for RDB: current 0 MB, peak 0 MB, average 0 MB
45:M 29 Aug 2026 14:11:42.180 * Background saving terminated with success
45:M 29 Aug 2026 14:23:05.785 * 100 changes in 300 seconds. Saving...
45:M 29 Aug 2026 14:23:05.795 * Background saving started by pid 310
310:C 29 Aug 2026 14:23:05.797 * BGSAVE done, 10 keys saved, 0 keys skipped, 8506 bytes written.
310:C 29 Aug 2026 14:23:05.800 * DB saved on disk
310:C 29 Aug 2026 14:23:05.800 * Fork CoW for RDB: current 0 MB, peak 0 MB, average 0 MB
45:M 29 Aug 2026 14:23:05.909 * Background saving terminated with success
45:M 29 Aug 2026 14:46:41.509 * 100 changes in 300 seconds. Saving...
45:M 29 Aug 2026 14:46:41.522 * Background saving started by pid 311
311:C 29 Aug 2026 14:46:41.524 * BGSAVE done, 8 keys saved, 0 keys skipped, 3694 bytes written.
311:C 29 Aug 2026 14:46:41.525 * DB saved on disk
311:C 29 Aug 2026 14:46:41.525 * Fork CoW for RDB: current 0 MB, peak 0 MB, average 0 MB
45:M 29 Aug 2026 14:46:41.633 * Background saving terminated with success
45:M 29 Aug 2026 15:11:11.546 * 100 changes in 300 seconds. Saving...
45:M 29 Aug 2026 15:11:11.554 * Background saving started by pid 312
312:C 29 Aug 2026 15:11:11.556 * BGSAVE done, 8 keys saved, 0 keys skipped, 3694 bytes written.
312:C 29 Aug 2026 15:11:11.559 * DB saved on disk
312:C 29 Aug 2026 15:11:11.560 * Fork CoW for RDB: current 0 MB, peak 0 MB, average 0 MB
45:M 29 Aug 2026 15:11:11.656 * Background saving terminated with success
45:M 29 Aug 2026 15:17:58.422 * 100 changes in 300 seconds. Saving...
45:M 29 Aug 2026 15:17:58.426 * Background saving started by pid 313
313:C 29 Aug 2026 15:17:58.428 * BGSAVE done, 10 keys saved, 0 keys skipped, 8885 bytes written.
313:C 29 Aug 2026 15:17:58.429 * DB saved on disk
313:C 29 Aug 2026 15:17:58.429 * Fork CoW for RDB: current 0 MB, peak 0 MB, average 0 MB
45:M 29 Aug 2026 15:17:58.530 * Background saving terminated with success
45:M 29 Aug 2026 15:22:59.010 * 100 changes in 300 seconds. Saving...
45:M 29 Aug 2026 15:22:59.019 * Background saving started by pid 314
314:C 29 Aug 2026 15:22:59.022 * BGSAVE done, 8 keys saved, 0 keys skipped, 3694 bytes written.
314:C 29 Aug 2026 15:22:59.025 * DB saved on disk
314:C 29 Aug 2026 15:22:59.025 * Fork CoW for RDB: current 0 MB, peak 0 MB, average 0 MB
45:M 29 Aug 2026 15:22:59.132 * Background saving terminated with success
45:M 29 Aug 2026 15:34:51.111 * 100 changes in 300 seconds. Saving...
45:M 29 Aug 2026 15:34:51.121 * Background saving started by pid 315
315:C 29 Aug 2026 15:34:51.124 * BGSAVE done, 8 keys saved, 0 keys skipped, 3694 bytes written.
315:C 29 Aug 2026 15:34:51.125 * DB saved on disk
315:C 29 Aug 2026 15:34:51.125 * Fork CoW for RDB: current 0 MB, peak 0 MB, average 0 MB
45:M 29 Aug 2026 15:34:51.235 * Background saving terminated with success
45:M 29 Aug 2026 15:42:41.529 * 100 changes in 300 seconds. Saving...
45:M 29 Aug 2026 15:42:41.535 * Background saving started by pid 316
316:C 29 Aug 2026 15:42:41.537 * BGSAVE done, 8 keys saved, 0 keys skipped, 3694 bytes written.
316:C 29 Aug 2026 15:42:41.538 * DB saved on disk
316:C 29 Aug 2026 15:42:41.538 * Fork CoW for RDB: current 0 MB, peak 0 MB, average 0 MB
45:M 29 Aug 2026 15:42:41.638 * Background saving terminated with success
45:M 29 Aug 2026 16:04:42.607 * 100 changes in 300 seconds. Saving...
45:M 29 Aug 2026 16:04:42.616 * Background saving started by pid 317
317:C 29 Aug 2026 16:04:42.618 * BGSAVE done, 10 keys saved, 0 keys skipped, 11968 bytes written.
317:C 29 Aug 2026 16:04:42.621 * DB saved on disk
317:C 29 Aug 2026 16:04:42.622 * Fork CoW for RDB: current 0 MB, peak 0 MB, average 0 MB
45:M 29 Aug 2026 16:04:42.730 * Background saving terminated with success
45:M 29 Aug 2026 16:09:43.023 * 100 changes in 300 seconds. Saving...
45:M 29 Aug 2026 16:09:43.032 * Background saving started by pid 318
318:C 29 Aug 2026 16:09:43.034 * BGSAVE done, 8 keys saved, 0 keys skipped, 3694 bytes written.
318:C 29 Aug 2026 16:09:43.037 * DB saved on disk
318:C 29 Aug 2026 16:09:43.037 * Fork CoW for RDB: current 0 MB, peak 0 MB, average 0 MB
45:M 29 Aug 2026 16:09:43.147 * Background saving terminated with success
45:M 29 Aug 2026 16:31:41.550 * 100 changes in 300 seconds. Saving...
45:M 29 Aug 2026 16:31:41.570 * Background saving started by pid 319
319:C 29 Aug 2026 16:31:41.574 * BGSAVE done, 8 keys saved, 0 keys skipped, 3694 bytes written.
319:C 29 Aug 2026 16:31:41.577 * DB saved on disk
319:C 29 Aug 2026 16:31:41.578 * Fork CoW for RDB: current 0 MB, peak 0 MB, average 0 MB
45:M 29 Aug 2026 16:31:41.676 * Background saving terminated with success
45:M 29 Aug 2026 16:56:41.553 * 100 changes in 300 seconds. Saving...
45:M 29 Aug 2026 16:56:41.564 * Background saving started by pid 320
320:C 29 Aug 2026 16:56:41.566 * BGSAVE done, 8 keys saved, 0 keys skipped, 3694 bytes written.
320:C 29 Aug 2026 16:56:41.569 * DB saved on disk
320:C 29 Aug 2026 16:56:41.569 * Fork CoW for RDB: current 0 MB, peak 0 MB, average 0 MB
45:M 29 Aug 2026 16:56:41.678 * Background saving terminated with success
45:M 29 Aug 2026 17:05:48.994 * 100 changes in 300 seconds. Saving...
45:M 29 Aug 2026 17:05:49.002 * Background saving started by pid 321
321:C 29 Aug 2026 17:05:49.004 * BGSAVE done, 10 keys saved, 0 keys skipped, 10641 bytes written.
321:C 29 Aug 2026 17:05:49.005 * DB saved on disk
321:C 29 Aug 2026 17:05:49.005 * Fork CoW for RDB: current 0 MB, peak 0 MB, average 0 MB
45:M 29 Aug 2026 17:05:49.117 * Background saving terminated with success
45:M 29 Aug 2026 17:22:41.537 * 100 changes in 300 seconds. Saving...
45:M 29 Aug 2026 17:22:41.548 * Background saving started by pid 322
322:C 29 Aug 2026 17:22:41.550 * BGSAVE done, 8 keys saved, 0 keys skipped, 3694 bytes written.
322:C 29 Aug 2026 17:22:41.553 * DB saved on disk
322:C 29 Aug 2026 17:22:41.553 * Fork CoW for RDB: current 0 MB, peak 0 MB, average 0 MB
45:M 29 Aug 2026 17:22:41.661 * Background saving terminated with success
45:M 29 Aug 2026 17:31:13.515 * 100 changes in 300 seconds. Saving...
45:M 29 Aug 2026 17:31:13.524 * Background saving started by pid 323
323:C 29 Aug 2026 17:31:13.526 * BGSAVE done, 8 keys saved, 0 keys skipped, 3694 bytes written.
323:C 29 Aug 2026 17:31:13.528 * DB saved on disk
323:C 29 Aug 2026 17:31:13.529 * Fork CoW for RDB: current 0 MB, peak 0 MB, average 0 MB
45:M 29 Aug 2026 17:31:13.625 * Background saving terminated with success
45:M 29 Aug 2026 17:40:22.656 * 100 changes in 300 seconds. Saving...
45:M 29 Aug 2026 17:40:22.661 * Background saving started by pid 324
324:C 29 Aug 2026 17:40:22.664 * BGSAVE done, 12 keys saved, 0 keys skipped, 28091 bytes written.
324:C 29 Aug 2026 17:40:22.665 * DB saved on disk
324:C 29 Aug 2026 17:40:22.665 * Fork CoW for RDB: current 0 MB, peak 0 MB, average 0 MB
45:M 29 Aug 2026 17:40:22.763 * Background saving terminated with success
45:M 29 Aug 2026 17:45:23.082 * 100 changes in 300 seconds. Saving...
45:M 29 Aug 2026 17:45:23.090 * Background saving started by pid 325
325:C 29 Aug 2026 17:45:23.092 * BGSAVE done, 8 keys saved, 0 keys skipped, 3694 bytes written.
325:C 29 Aug 2026 17:45:23.095 * DB saved on disk
325:C 29 Aug 2026 17:45:23.095 * Fork CoW for RDB: current 0 MB, peak 0 MB, average 0 MB
45:M 29 Aug 2026 17:45:23.192 * Background saving terminated with success
45:M 29 Aug 2026 17:50:24.098 * 100 changes in 300 seconds. Saving...
45:M 29 Aug 2026 17:50:24.107 * Background saving started by pid 326
326:C 29 Aug 2026 17:50:24.111 * BGSAVE done, 12 keys saved, 0 keys skipped, 58322 bytes written.
326:C 29 Aug 2026 17:50:24.114 * DB saved on disk
326:C 29 Aug 2026 17:50:24.115 * Fork CoW for RDB: current 0 MB, peak 0 MB, average 0 MB
45:M 29 Aug 2026 17:50:24.207 * Background saving terminated with success
45:M 29 Aug 2026 17:55:25.081 * 100 changes in 300 seconds. Saving...
45:M 29 Aug 2026 17:55:25.086 * Background saving started by pid 327
327:C 29 Aug 2026 17:55:25.088 * BGSAVE done, 10 keys saved, 0 keys skipped, 5817 bytes written.
327:C 29 Aug 2026 17:55:25.091 * DB saved on disk
327:C 29 Aug 2026 17:55:25.091 * Fork CoW for RDB: current 0 MB, peak 0 MB, average 0 MB
45:M 29 Aug 2026 17:55:25.191 * Background saving terminated with success
45:M 29 Aug 2026 18:00:26.099 * 100 changes in 300 seconds. Saving...
45:M 29 Aug 2026 18:00:26.106 * Background saving started by pid 328
328:C 29 Aug 2026 18:00:26.108 * BGSAVE done, 8 keys saved, 0 keys skipped, 3694 bytes written.
328:C 29 Aug 2026 18:00:26.111 * DB saved on disk
328:C 29 Aug 2026 18:00:26.111 * Fork CoW for RDB: current 0 MB, peak 0 MB, average 0 MB
45:M 29 Aug 2026 18:00:26.210 * Background saving terminated with success
45:M 29 Aug 2026 18:05:27.065 * 100 changes in 300 seconds. Saving...
45:M 29 Aug 2026 18:05:27.073 * Background saving started by pid 329
329:C 29 Aug 2026 18:05:27.075 * BGSAVE done, 10 keys saved, 0 keys skipped, 17303 bytes written.
329:C 29 Aug 2026 18:05:27.078 * DB saved on disk
329:C 29 Aug 2026 18:05:27.078 * Fork CoW for RDB: current 0 MB, peak 0 MB, average 0 MB
45:M 29 Aug 2026 18:05:27.175 * Background saving terminated with success
45:M 29 Aug 2026 18:27:25.827 * 100 changes in 300 seconds. Saving...
45:M 29 Aug 2026 18:27:25.832 * Background saving started by pid 330
330:C 29 Aug 2026 18:27:25.835 * BGSAVE done, 8 keys saved, 0 keys skipped, 3694 bytes written.
330:C 29 Aug 2026 18:27:25.836 * DB saved on disk
330:C 29 Aug 2026 18:27:25.836 * Fork CoW for RDB: current 0 MB, peak 0 MB, average 0 MB
45:M 29 Aug 2026 18:27:25.939 * Background saving terminated with success
45:M 29 Aug 2026 18:51:55.789 * 100 changes in 300 seconds. Saving...
45:M 29 Aug 2026 18:51:55.797 * Background saving started by pid 331
331:C 29 Aug 2026 18:51:55.799 * BGSAVE done, 8 keys saved, 0 keys skipped, 3694 bytes written.
331:C 29 Aug 2026 18:51:55.800 * DB saved on disk
331:C 29 Aug 2026 18:51:55.801 * Fork CoW for RDB: current 0 MB, peak 0 MB, average 0 MB
45:M 29 Aug 2026 18:51:55.900 * Background saving terminated with success
45:M 29 Aug 2026 19:16:55.768 * 100 changes in 300 seconds. Saving...
45:M 29 Aug 2026 19:16:55.776 * Background saving started by pid 332
332:C 29 Aug 2026 19:16:55.778 * BGSAVE done, 8 keys saved, 0 keys skipped, 3694 bytes written.
332:C 29 Aug 2026 19:16:55.779 * DB saved on disk
332:C 29 Aug 2026 19:16:55.779 * Fork CoW for RDB: current 0 MB, peak 0 MB, average 0 MB
45:M 29 Aug 2026 19:16:55.878 * Background saving terminated with success
45:M 29 Aug 2026 19:41:55.758 * 100 changes in 300 seconds. Saving...
45:M 29 Aug 2026 19:41:55.775 * Background saving started by pid 333
333:C 29 Aug 2026 19:41:55.778 * BGSAVE done, 8 keys saved, 0 keys skipped, 3694 bytes written.
333:C 29 Aug 2026 19:41:55.779 * DB saved on disk
333:C 29 Aug 2026 19:41:55.779 * Fork CoW for RDB: current 0 MB, peak 0 MB, average 0 MB
45:M 29 Aug 2026 19:41:55.884 * Background saving terminated with success
45:M 29 Aug 2026 20:06:25.809 * 100 changes in 300 seconds. Saving...
45:M 29 Aug 2026 20:06:25.817 * Background saving started by pid 334
334:C 29 Aug 2026 20:06:25.819 * BGSAVE done, 8 keys saved, 0 keys skipped, 3694 bytes written.
334:C 29 Aug 2026 20:06:25.820 * DB saved on disk
334:C 29 Aug 2026 20:06:25.820 * Fork CoW for RDB: current 0 MB, peak 0 MB, average 0 MB
45:M 29 Aug 2026 20:06:25.921 * Background saving terminated with success
45:M 29 Aug 2026 20:31:25.757 * 100 changes in 300 seconds. Saving...
45:M 29 Aug 2026 20:31:25.762 * Background saving started by pid 335
335:C 29 Aug 2026 20:31:25.764 * BGSAVE done, 8 keys saved, 0 keys skipped, 3694 bytes written.
335:C 29 Aug 2026 20:31:25.765 * DB saved on disk
335:C 29 Aug 2026 20:31:25.765 * Fork CoW for RDB: current 0 MB, peak 0 MB, average 0 MB
45:M 29 Aug 2026 20:31:25.869 * Background saving terminated with success
45:M 29 Aug 2026 20:55:55.839 * 100 changes in 300 seconds. Saving...
45:M 29 Aug 2026 20:55:55.848 * Background saving started by pid 336
336:C 29 Aug 2026 20:55:55.849 * BGSAVE done, 8 keys saved, 0 keys skipped, 3694 bytes written.
336:C 29 Aug 2026 20:55:55.853 * DB saved on disk
336:C 29 Aug 2026 20:55:55.853 * Fork CoW for RDB: current 0 MB, peak 0 MB, average 0 MB
45:M 29 Aug 2026 20:55:55.950 * Background saving terminated with success
45:M 29 Aug 2026 21:20:55.810 * 100 changes in 300 seconds. Saving...
45:M 29 Aug 2026 21:20:55.818 * Background saving started by pid 337
337:C 29 Aug 2026 21:20:55.820 * BGSAVE done, 8 keys saved, 0 keys skipped, 3694 bytes written.
337:C 29 Aug 2026 21:20:55.821 * DB saved on disk
337:C 29 Aug 2026 21:20:55.821 * Fork CoW for RDB: current 0 MB, peak 0 MB, average 0 MB
45:M 29 Aug 2026 21:20:55.922 * Background saving terminated with success
45:M 29 Aug 2026 21:45:55.773 * 100 changes in 300 seconds. Saving...
45:M 29 Aug 2026 21:45:55.783 * Background saving started by pid 338
338:C 29 Aug 2026 21:45:55.785 * BGSAVE done, 8 keys saved, 0 keys skipped, 3694 bytes written.
338:C 29 Aug 2026 21:45:55.786 * DB saved on disk
338:C 29 Aug 2026 21:45:55.786 * Fork CoW for RDB: current 0 MB, peak 0 MB, average 0 MB
45:M 29 Aug 2026 21:45:55.898 * Background saving terminated with success
45:M 29 Aug 2026 21:53:23.512 * 100 changes in 300 seconds. Saving...
45:M 29 Aug 2026 21:53:23.520 * Background saving started by pid 339
339:C 29 Aug 2026 21:53:23.522 * BGSAVE done, 10 keys saved, 0 keys skipped, 10131 bytes written.
339:C 29 Aug 2026 21:53:23.523 * DB saved on disk
339:C 29 Aug 2026 21:53:23.523 * Fork CoW for RDB: current 0 MB, peak 0 MB, average 0 MB
45:M 29 Aug 2026 21:53:23.622 * Background saving terminated with success
45:M 29 Aug 2026 21:58:24.024 * 100 changes in 300 seconds. Saving...
45:M 29 Aug 2026 21:58:24.029 * Background saving started by pid 340
340:C 29 Aug 2026 21:58:24.031 * BGSAVE done, 8 keys saved, 0 keys skipped, 3694 bytes written.
340:C 29 Aug 2026 21:58:24.034 * DB saved on disk
340:C 29 Aug 2026 21:58:24.034 * Fork CoW for RDB: current 0 MB, peak 0 MB, average 0 MB
45:M 29 Aug 2026 21:58:24.134 * Background saving terminated with success
45:M 29 Aug 2026 22:11:55.761 * 100 changes in 300 seconds. Saving...
45:M 29 Aug 2026 22:11:55.770 * Background saving started by pid 341
341:C 29 Aug 2026 22:11:55.772 * BGSAVE done, 10 keys saved, 0 keys skipped, 8009 bytes written.
341:C 29 Aug 2026 22:11:55.773 * DB saved on disk
341:C 29 Aug 2026 22:11:55.773 * Fork CoW for RDB: current 0 MB, peak 0 MB, average 0 MB
45:M 29 Aug 2026 22:11:55.870 * Background saving terminated with success
45:M 29 Aug 2026 22:34:55.827 * 100 changes in 300 seconds. Saving...
45:M 29 Aug 2026 22:34:55.833 * Background saving started by pid 342
342:C 29 Aug 2026 22:34:55.835 * BGSAVE done, 8 keys saved, 0 keys skipped, 3694 bytes written.
342:C 29 Aug 2026 22:34:55.836 * DB saved on disk
342:C 29 Aug 2026 22:34:55.837 * Fork CoW for RDB: current 0 MB, peak 0 MB, average 0 MB
45:M 29 Aug 2026 22:34:55.934 * Background saving terminated with success
45:M 29 Aug 2026 22:38:48.126 * Starting automatic rewriting of AOF on 246164% growth
45:M 29 Aug 2026 22:38:48.133 * Creating AOF incr file appendonly.aof.3.incr.aof on background rewrite
45:M 29 Aug 2026 22:38:48.137 * Background append only file rewriting started by pid 343
343:C 29 Aug 2026 22:38:48.139 * BGSAVE done, 10 keys saved, 0 keys skipped, 10515 bytes written.
343:C 29 Aug 2026 22:38:48.140 * Successfully created the temporary AOF base file temp-rewriteaof-bg-343.aof
343:C 29 Aug 2026 22:38:48.140 * Fork CoW for AOF rewrite: current 0 MB, peak 0 MB, average 0 MB
45:M 29 Aug 2026 22:38:48.248 * Background AOF rewrite terminated with success
45:M 29 Aug 2026 22:38:48.248 * Successfully renamed the temporary AOF base file temp-rewriteaof-bg-343.aof into appendonly.aof.3.base.rdb
45:M 29 Aug 2026 22:38:48.252 * Removing the history file appendonly.aof.2.incr.aof in the background
45:M 29 Aug 2026 22:38:48.252 * Removing the history file appendonly.aof.2.base.rdb in the background
45:M 29 Aug 2026 22:38:48.257 * Background AOF rewrite finished successfully
45:M 29 Aug 2026 22:48:55.829 * 100 changes in 300 seconds. Saving...
45:M 29 Aug 2026 22:48:55.839 * Background saving started by pid 344
344:C 29 Aug 2026 22:48:55.840 * BGSAVE done, 8 keys saved, 0 keys skipped, 3694 bytes written.
344:C 29 Aug 2026 22:48:55.841 * DB saved on disk
344:C 29 Aug 2026 22:48:55.842 * Fork CoW for RDB: current 0 MB, peak 0 MB, average 0 MB
45:M 29 Aug 2026 22:48:55.953 * Background saving terminated with success
45:M 29 Aug 2026 23:12:55.796 * 100 changes in 300 seconds. Saving...
45:M 29 Aug 2026 23:12:55.817 * Background saving started by pid 345
345:C 29 Aug 2026 23:12:55.824 * BGSAVE done, 8 keys saved, 0 keys skipped, 3694 bytes written.
345:C 29 Aug 2026 23:12:55.826 * DB saved on disk
345:C 29 Aug 2026 23:12:55.826 * Fork CoW for RDB: current 0 MB, peak 0 MB, average 0 MB
45:M 29 Aug 2026 23:12:55.923 * Background saving terminated with success
45:M 29 Aug 2026 23:30:55.847 * 100 changes in 300 seconds. Saving...
45:M 29 Aug 2026 23:30:55.855 * Background saving started by pid 346
346:C 29 Aug 2026 23:30:55.857 * BGSAVE done, 8 keys saved, 0 keys skipped, 3694 bytes written.
346:C 29 Aug 2026 23:30:55.860 * DB saved on disk
346:C 29 Aug 2026 23:30:55.860 * Fork CoW for RDB: current 0 MB, peak 0 MB, average 0 MB
45:M 29 Aug 2026 23:30:55.970 * Background saving terminated with success
45:M 29 Aug 2026 23:54:25.820 * 100 changes in 300 seconds. Saving...
45:M 29 Aug 2026 23:54:25.827 * Background saving started by pid 347
347:C 29 Aug 2026 23:54:25.829 * BGSAVE done, 8 keys saved, 0 keys skipped, 3694 bytes written.
347:C 29 Aug 2026 23:54:25.830 * DB saved on disk
347:C 29 Aug 2026 23:54:25.831 * Fork CoW for RDB: current 0 MB, peak 0 MB, average 0 MB
45:M 29 Aug 2026 23:54:25.930 * Background saving terminated with success
45:M 30 Aug 2026 00:05:25.746 * 100 changes in 300 seconds. Saving...
45:M 30 Aug 2026 00:05:25.751 * Background saving started by pid 348
348:C 30 Aug 2026 00:05:25.753 * BGSAVE done, 10 keys saved, 0 keys skipped, 10452 bytes written.
348:C 30 Aug 2026 00:05:25.754 * DB saved on disk
348:C 30 Aug 2026 00:05:25.754 * Fork CoW for RDB: current 0 MB, peak 0 MB, average 0 MB
45:M 30 Aug 2026 00:05:25.854 * Background saving terminated with success
45:M 30 Aug 2026 00:28:25.844 * 100 changes in 300 seconds. Saving...
45:M 30 Aug 2026 00:28:25.853 * Background saving started by pid 349
349:C 30 Aug 2026 00:28:25.855 * BGSAVE done, 8 keys saved, 0 keys skipped, 3694 bytes written.
349:C 30 Aug 2026 00:28:25.857 * DB saved on disk
349:C 30 Aug 2026 00:28:25.858 * Fork CoW for RDB: current 0 MB, peak 0 MB, average 0 MB
45:M 30 Aug 2026 00:28:25.954 * Background saving terminated with success
45:M 30 Aug 2026 00:41:20.014 * 100 changes in 300 seconds. Saving...
45:M 30 Aug 2026 00:41:20.022 * Background saving started by pid 350
350:C 30 Aug 2026 00:41:20.024 * BGSAVE done, 10 keys saved, 0 keys skipped, 9444 bytes written.
350:C 30 Aug 2026 00:41:20.025 * DB saved on disk
350:C 30 Aug 2026 00:41:20.025 * Fork CoW for RDB: current 0 MB, peak 0 MB, average 0 MB
45:M 30 Aug 2026 00:41:20.137 * Background saving terminated with success
45:M 30 Aug 2026 00:56:14.372 * 100 changes in 300 seconds. Saving...
45:M 30 Aug 2026 00:56:14.380 * Background saving started by pid 351
351:C 30 Aug 2026 00:56:14.383 * BGSAVE done, 10 keys saved, 0 keys skipped, 13025 bytes written.
351:C 30 Aug 2026 00:56:14.384 * DB saved on disk
351:C 30 Aug 2026 00:56:14.384 * Fork CoW for RDB: current 0 MB, peak 0 MB, average 0 MB
45:M 30 Aug 2026 00:56:14.481 * Background saving terminated with success
45:M 30 Aug 2026 01:01:15.002 * 100 changes in 300 seconds. Saving...
45:M 30 Aug 2026 01:01:15.010 * Background saving started by pid 352
352:C 30 Aug 2026 01:01:15.012 * BGSAVE done, 8 keys saved, 0 keys skipped, 3694 bytes written.
352:C 30 Aug 2026 01:01:15.015 * DB saved on disk
352:C 30 Aug 2026 01:01:15.015 * Fork CoW for RDB: current 0 MB, peak 0 MB, average 0 MB
45:M 30 Aug 2026 01:01:15.125 * Background saving terminated with success
45:M 30 Aug 2026 01:14:55.840 * 100 changes in 300 seconds. Saving...
45:M 30 Aug 2026 01:14:55.848 * Background saving started by pid 353
353:C 30 Aug 2026 01:14:55.851 * BGSAVE done, 8 keys saved, 0 keys skipped, 3694 bytes written.
353:C 30 Aug 2026 01:14:55.854 * DB saved on disk
353:C 30 Aug 2026 01:14:55.854 * Fork CoW for RDB: current 0 MB, peak 0 MB, average 0 MB
45:M 30 Aug 2026 01:14:55.950 * Background saving terminated with success
45:M 30 Aug 2026 01:24:25.840 * 100 changes in 300 seconds. Saving...
45:M 30 Aug 2026 01:24:25.845 * Background saving started by pid 354
354:C 30 Aug 2026 01:24:25.847 * BGSAVE done, 8 keys saved, 0 keys skipped, 3694 bytes written.
354:C 30 Aug 2026 01:24:25.850 * DB saved on disk
354:C 30 Aug 2026 01:24:25.850 * Fork CoW for RDB: current 0 MB, peak 0 MB, average 0 MB
45:M 30 Aug 2026 01:24:25.948 * Background saving terminated with success
45:M 30 Aug 2026 01:30:04.944 * 100 changes in 300 seconds. Saving...
45:M 30 Aug 2026 01:30:04.952 * Background saving started by pid 355
355:C 30 Aug 2026 01:30:04.954 * BGSAVE done, 10 keys saved, 0 keys skipped, 14405 bytes written.
355:C 30 Aug 2026 01:30:04.955 * DB saved on disk
355:C 30 Aug 2026 01:30:04.955 * Fork CoW for RDB: current 0 MB, peak 0 MB, average 0 MB
45:M 30 Aug 2026 01:30:05.052 * Background saving terminated with success
45:M 30 Aug 2026 01:35:06.039 * 100 changes in 300 seconds. Saving...
45:M 30 Aug 2026 01:35:06.047 * Background saving started by pid 356
356:C 30 Aug 2026 01:35:06.049 * BGSAVE done, 8 keys saved, 0 keys skipped, 3694 bytes written.
356:C 30 Aug 2026 01:35:06.052 * DB saved on disk
356:C 30 Aug 2026 01:35:06.053 * Fork CoW for RDB: current 0 MB, peak 0 MB, average 0 MB
45:M 30 Aug 2026 01:35:06.150 * Background saving terminated with success
45:M 30 Aug 2026 01:41:18.732 * 100 changes in 300 seconds. Saving...
45:M 30 Aug 2026 01:41:18.740 * Background saving started by pid 357
357:C 30 Aug 2026 01:41:18.743 * BGSAVE done, 11 keys saved, 0 keys skipped, 20726 bytes written.
357:C 30 Aug 2026 01:41:18.744 * DB saved on disk
357:C 30 Aug 2026 01:41:18.744 * Fork CoW for RDB: current 0 MB, peak 0 MB, average 0 MB
45:M 30 Aug 2026 01:41:18.846 * Background saving terminated with success
45:M 30 Aug 2026 01:46:19.018 * 100 changes in 300 seconds. Saving...
45:M 30 Aug 2026 01:46:19.023 * Background saving started by pid 358
358:C 30 Aug 2026 01:46:19.025 * BGSAVE done, 8 keys saved, 0 keys skipped, 3694 bytes written.
358:C 30 Aug 2026 01:46:19.028 * DB saved on disk
358:C 30 Aug 2026 01:46:19.028 * Fork CoW for RDB: current 0 MB, peak 0 MB, average 0 MB
45:M 30 Aug 2026 01:46:19.127 * Background saving terminated with success
45:M 30 Aug 2026 01:55:25.809 * 100 changes in 300 seconds. Saving...
45:M 30 Aug 2026 01:55:25.818 * Background saving started by pid 359
359:C 30 Aug 2026 01:55:25.820 * BGSAVE done, 8 keys saved, 0 keys skipped, 3694 bytes written.
359:C 30 Aug 2026 01:55:25.821 * DB saved on disk
359:C 30 Aug 2026 01:55:25.821 * Fork CoW for RDB: current 0 MB, peak 0 MB, average 0 MB
45:M 30 Aug 2026 01:55:25.920 * Background saving terminated with success
45:M 30 Aug 2026 02:01:38.608 * 100 changes in 300 seconds. Saving...
45:M 30 Aug 2026 02:01:38.616 * Background saving started by pid 360
360:C 30 Aug 2026 02:01:38.618 * BGSAVE done, 11 keys saved, 0 keys skipped, 5729 bytes written.
360:C 30 Aug 2026 02:01:38.619 * DB saved on disk
360:C 30 Aug 2026 02:01:38.620 * Fork CoW for RDB: current 0 MB, peak 0 MB, average 0 MB
45:M 30 Aug 2026 02:01:38.725 * Background saving terminated with success
45:M 30 Aug 2026 02:25:55.835 * 100 changes in 300 seconds. Saving...
45:M 30 Aug 2026 02:25:55.843 * Background saving started by pid 361
361:C 30 Aug 2026 02:25:55.845 * BGSAVE done, 8 keys saved, 0 keys skipped, 3694 bytes written.
361:C 30 Aug 2026 02:25:55.848 * DB saved on disk
361:C 30 Aug 2026 02:25:55.848 * Fork CoW for RDB: current 0 MB, peak 0 MB, average 0 MB
45:M 30 Aug 2026 02:25:55.945 * Background saving terminated with success
45:M 30 Aug 2026 02:50:25.781 * 100 changes in 300 seconds. Saving...
45:M 30 Aug 2026 02:50:25.785 * Background saving started by pid 362
362:C 30 Aug 2026 02:50:25.787 * BGSAVE done, 8 keys saved, 0 keys skipped, 3694 bytes written.
362:C 30 Aug 2026 02:50:25.788 * DB saved on disk
362:C 30 Aug 2026 02:50:25.788 * Fork CoW for RDB: current 0 MB, peak 0 MB, average 0 MB
45:M 30 Aug 2026 02:50:25.890 * Background saving terminated with success
45:M 30 Aug 2026 03:04:25.837 * 100 changes in 300 seconds. Saving...
45:M 30 Aug 2026 03:04:25.843 * Background saving started by pid 363
363:C 30 Aug 2026 03:04:25.845 * BGSAVE done, 8 keys saved, 0 keys skipped, 3694 bytes written.
363:C 30 Aug 2026 03:04:25.848 * DB saved on disk
363:C 30 Aug 2026 03:04:25.848 * Fork CoW for RDB: current 0 MB, peak 0 MB, average 0 MB
45:M 30 Aug 2026 03:04:25.944 * Background saving terminated with success
45:M 30 Aug 2026 03:23:55.783 * 100 changes in 300 seconds. Saving...
45:M 30 Aug 2026 03:23:55.789 * Background saving started by pid 364
364:C 30 Aug 2026 03:23:55.791 * BGSAVE done, 10 keys saved, 0 keys skipped, 22377 bytes written.
364:C 30 Aug 2026 03:23:55.792 * DB saved on disk
364:C 30 Aug 2026 03:23:55.792 * Fork CoW for RDB: current 0 MB, peak 0 MB, average 0 MB
45:M 30 Aug 2026 03:23:55.891 * Background saving terminated with success
45:M 30 Aug 2026 03:44:55.847 * 100 changes in 300 seconds. Saving...
45:M 30 Aug 2026 03:44:55.852 * Background saving started by pid 365
365:C 30 Aug 2026 03:44:55.854 * BGSAVE done, 8 keys saved, 0 keys skipped, 3694 bytes written.
365:C 30 Aug 2026 03:44:55.857 * DB saved on disk
365:C 30 Aug 2026 03:44:55.857 * Fork CoW for RDB: current 0 MB, peak 0 MB, average 0 MB
45:M 30 Aug 2026 03:44:55.955 * Background saving terminated with success
45:M 30 Aug 2026 04:07:55.813 * 100 changes in 300 seconds. Saving...
45:M 30 Aug 2026 04:07:55.820 * Background saving started by pid 366
366:C 30 Aug 2026 04:07:55.821 * BGSAVE done, 8 keys saved, 0 keys skipped, 3694 bytes written.
366:C 30 Aug 2026 04:07:55.822 * DB saved on disk
366:C 30 Aug 2026 04:07:55.823 * Fork CoW for RDB: current 0 MB, peak 0 MB, average 0 MB
45:M 30 Aug 2026 04:07:55.924 * Background saving terminated with success
45:M 30 Aug 2026 04:32:55.851 * 100 changes in 300 seconds. Saving...
45:M 30 Aug 2026 04:32:55.859 * Background saving started by pid 367
367:C 30 Aug 2026 04:32:55.861 * BGSAVE done, 8 keys saved, 0 keys skipped, 3694 bytes written.
367:C 30 Aug 2026 04:32:55.864 * DB saved on disk
367:C 30 Aug 2026 04:32:55.864 * Fork CoW for RDB: current 0 MB, peak 0 MB, average 0 MB
45:M 30 Aug 2026 04:32:55.962 * Background saving terminated with success
45:M 30 Aug 2026 04:57:25.769 * 100 changes in 300 seconds. Saving...
45:M 30 Aug 2026 04:57:25.777 * Background saving started by pid 368
368:C 30 Aug 2026 04:57:25.779 * BGSAVE done, 8 keys saved, 0 keys skipped, 3694 bytes written.
368:C 30 Aug 2026 04:57:25.780 * DB saved on disk
368:C 30 Aug 2026 04:57:25.780 * Fork CoW for RDB: current 0 MB, peak 0 MB, average 0 MB
45:M 30 Aug 2026 04:57:25.879 * Background saving terminated with success
45:M 30 Aug 2026 05:14:55.851 * 100 changes in 300 seconds. Saving...
45:M 30 Aug 2026 05:14:55.859 * Background saving started by pid 369
369:C 30 Aug 2026 05:14:55.861 * BGSAVE done, 8 keys saved, 0 keys skipped, 3694 bytes written.
369:C 30 Aug 2026 05:14:55.864 * DB saved on disk
369:C 30 Aug 2026 05:14:55.864 * Fork CoW for RDB: current 0 MB, peak 0 MB, average 0 MB
45:M 30 Aug 2026 05:14:55.974 * Background saving terminated with success
45:M 30 Aug 2026 05:28:36.923 * 100 changes in 300 seconds. Saving...
45:M 30 Aug 2026 05:28:36.931 * Background saving started by pid 370
370:C 30 Aug 2026 05:28:36.933 * BGSAVE done, 10 keys saved, 0 keys skipped, 15241 bytes written.
370:C 30 Aug 2026 05:28:36.934 * DB saved on disk
370:C 30 Aug 2026 05:28:36.934 * Fork CoW for RDB: current 0 MB, peak 0 MB, average 0 MB
45:M 30 Aug 2026 05:28:37.046 * Background saving terminated with success
45:M 30 Aug 2026 05:34:39.690 * 100 changes in 300 seconds. Saving...
45:M 30 Aug 2026 05:34:39.699 * Background saving started by pid 371
371:C 30 Aug 2026 05:34:39.701 * BGSAVE done, 11 keys saved, 0 keys skipped, 15322 bytes written.
371:C 30 Aug 2026 05:34:39.702 * DB saved on disk
371:C 30 Aug 2026 05:34:39.703 * Fork CoW for RDB: current 0 MB, peak 0 MB, average 0 MB
45:M 30 Aug 2026 05:34:39.805 * Background saving terminated with success
45:M 30 Aug 2026 05:48:25.798 * 100 changes in 300 seconds. Saving...
45:M 30 Aug 2026 05:48:25.806 * Background saving started by pid 372
372:C 30 Aug 2026 05:48:25.808 * BGSAVE done, 8 keys saved, 0 keys skipped, 3694 bytes written.
372:C 30 Aug 2026 05:48:25.809 * DB saved on disk
372:C 30 Aug 2026 05:48:25.809 * Fork CoW for RDB: current 0 MB, peak 0 MB, average 0 MB
45:M 30 Aug 2026 05:48:25.907 * Background saving terminated with success
45:M 30 Aug 2026 06:10:25.772 * 100 changes in 300 seconds. Saving...
45:M 30 Aug 2026 06:10:25.780 * Background saving started by pid 373
373:C 30 Aug 2026 06:10:25.782 * BGSAVE done, 8 keys saved, 0 keys skipped, 3694 bytes written.
373:C 30 Aug 2026 06:10:25.783 * DB saved on disk
373:C 30 Aug 2026 06:10:25.783 * Fork CoW for RDB: current 0 MB, peak 0 MB, average 0 MB
45:M 30 Aug 2026 06:10:25.882 * Background saving terminated with success
45:M 30 Aug 2026 06:30:25.758 * 100 changes in 300 seconds. Saving...
45:M 30 Aug 2026 06:30:25.766 * Background saving started by pid 374
374:C 30 Aug 2026 06:30:25.768 * BGSAVE done, 8 keys saved, 0 keys skipped, 3694 bytes written.
374:C 30 Aug 2026 06:30:25.769 * DB saved on disk
374:C 30 Aug 2026 06:30:25.769 * Fork CoW for RDB: current 0 MB, peak 0 MB, average 0 MB
45:M 30 Aug 2026 06:30:25.868 * Background saving terminated with success
45:M 30 Aug 2026 06:54:55.758 * 100 changes in 300 seconds. Saving...
45:M 30 Aug 2026 06:54:55.766 * Background saving started by pid 375
375:C 30 Aug 2026 06:54:55.768 * BGSAVE done, 8 keys saved, 0 keys skipped, 3694 bytes written.
375:C 30 Aug 2026 06:54:55.769 * DB saved on disk
375:C 30 Aug 2026 06:54:55.769 * Fork CoW for RDB: current 0 MB, peak 0 MB, average 0 MB
45:M 30 Aug 2026 06:54:55.868 * Background saving terminated with success
45:M 30 Aug 2026 07:19:55.851 * 100 changes in 300 seconds. Saving...
45:M 30 Aug 2026 07:19:55.859 * Background saving started by pid 376
376:C 30 Aug 2026 07:19:55.861 * BGSAVE done, 8 keys saved, 0 keys skipped, 3694 bytes written.
376:C 30 Aug 2026 07:19:55.864 * DB saved on disk
376:C 30 Aug 2026 07:19:55.864 * Fork CoW for RDB: current 0 MB, peak 0 MB, average 0 MB
45:M 30 Aug 2026 07:19:55.961 * Background saving terminated with success
45:M 30 Aug 2026 07:44:55.845 * 100 changes in 300 seconds. Saving...
45:M 30 Aug 2026 07:44:55.853 * Background saving started by pid 377
377:C 30 Aug 2026 07:44:55.855 * BGSAVE done, 8 keys saved, 0 keys skipped, 3694 bytes written.
377:C 30 Aug 2026 07:44:55.858 * DB saved on disk
377:C 30 Aug 2026 07:44:55.858 * Fork CoW for RDB: current 0 MB, peak 0 MB, average 0 MB
45:M 30 Aug 2026 07:44:55.955 * Background saving terminated with success
45:M 30 Aug 2026 08:09:25.838 * 100 changes in 300 seconds. Saving...
45:M 30 Aug 2026 08:09:25.843 * Background saving started by pid 378
378:C 30 Aug 2026 08:09:25.845 * BGSAVE done, 8 keys saved, 0 keys skipped, 3694 bytes written.
378:C 30 Aug 2026 08:09:25.846 * DB saved on disk
378:C 30 Aug 2026 08:09:25.846 * Fork CoW for RDB: current 0 MB, peak 0 MB, average 0 MB
45:M 30 Aug 2026 08:09:25.950 * Background saving terminated with success
45:M 30 Aug 2026 08:34:25.852 * 100 changes in 300 seconds. Saving...
45:M 30 Aug 2026 08:34:25.860 * Background saving started by pid 379
379:C 30 Aug 2026 08:34:25.862 * BGSAVE done, 8 keys saved, 0 keys skipped, 3694 bytes written.
379:C 30 Aug 2026 08:34:25.865 * DB saved on disk
379:C 30 Aug 2026 08:34:25.865 * Fork CoW for RDB: current 0 MB, peak 0 MB, average 0 MB
45:M 30 Aug 2026 08:34:25.962 * Background saving terminated with success
45:M 30 Aug 2026 08:58:55.796 * 100 changes in 300 seconds. Saving...
45:M 30 Aug 2026 08:58:55.804 * Background saving started by pid 380
380:C 30 Aug 2026 08:58:55.806 * BGSAVE done, 8 keys saved, 0 keys skipped, 3694 bytes written.
380:C 30 Aug 2026 08:58:55.807 * DB saved on disk
380:C 30 Aug 2026 08:58:55.807 * Fork CoW for RDB: current 0 MB, peak 0 MB, average 0 MB
45:M 30 Aug 2026 08:58:55.908 * Background saving terminated with success
45:M 30 Aug 2026 09:23:55.838 * 100 changes in 300 seconds. Saving...
45:M 30 Aug 2026 09:23:55.845 * Background saving started by pid 381
381:C 30 Aug 2026 09:23:55.847 * BGSAVE done, 8 keys saved, 0 keys skipped, 3694 bytes written.
381:C 30 Aug 2026 09:23:55.850 * DB saved on disk
381:C 30 Aug 2026 09:23:55.850 * Fork CoW for RDB: current 0 MB, peak 0 MB, average 0 MB
45:M 30 Aug 2026 09:23:55.947 * Background saving terminated with success
45:M 30 Aug 2026 09:48:55.805 * 100 changes in 300 seconds. Saving...
45:M 30 Aug 2026 09:48:55.813 * Background saving started by pid 382
382:C 30 Aug 2026 09:48:55.815 * BGSAVE done, 8 keys saved, 0 keys skipped, 3694 bytes written.
382:C 30 Aug 2026 09:48:55.816 * DB saved on disk
382:C 30 Aug 2026 09:48:55.816 * Fork CoW for RDB: current 0 MB, peak 0 MB, average 0 MB
45:M 30 Aug 2026 09:48:55.917 * Background saving terminated with success
45:M 30 Aug 2026 10:13:25.781 * 100 changes in 300 seconds. Saving...
45:M 30 Aug 2026 10:13:25.789 * Background saving started by pid 383
383:C 30 Aug 2026 10:13:25.790 * BGSAVE done, 8 keys saved, 0 keys skipped, 3694 bytes written.
383:C 30 Aug 2026 10:13:25.791 * DB saved on disk
383:C 30 Aug 2026 10:13:25.791 * Fork CoW for RDB: current 0 MB, peak 0 MB, average 0 MB
45:M 30 Aug 2026 10:13:25.892 * Background saving terminated with success
45:M 30 Aug 2026 10:21:25.746 * 100 changes in 300 seconds. Saving...
45:M 30 Aug 2026 10:21:25.752 * Background saving started by pid 384
384:C 30 Aug 2026 10:21:25.754 * BGSAVE done, 10 keys saved, 0 keys skipped, 21810 bytes written.
384:C 30 Aug 2026 10:21:25.755 * DB saved on disk
384:C 30 Aug 2026 10:21:25.755 * Fork CoW for RDB: current 0 MB, peak 0 MB, average 0 MB
45:M 30 Aug 2026 10:21:25.857 * Background saving terminated with success
45:M 30 Aug 2026 10:34:31.898 * 100 changes in 300 seconds. Saving...
45:M 30 Aug 2026 10:34:31.907 * Background saving started by pid 385
385:C 30 Aug 2026 10:34:31.909 * BGSAVE done, 10 keys saved, 0 keys skipped, 7289 bytes written.
385:C 30 Aug 2026 10:34:31.912 * DB saved on disk
385:C 30 Aug 2026 10:34:31.912 * Fork CoW for RDB: current 0 MB, peak 0 MB, average 0 MB
45:M 30 Aug 2026 10:34:32.009 * Background saving terminated with success
45:M 30 Aug 2026 10:39:33.049 * 100 changes in 300 seconds. Saving...
45:M 30 Aug 2026 10:39:33.057 * Background saving started by pid 386
386:C 30 Aug 2026 10:39:33.059 * BGSAVE done, 10 keys saved, 0 keys skipped, 18546 bytes written.
386:C 30 Aug 2026 10:39:33.062 * DB saved on disk
386:C 30 Aug 2026 10:39:33.062 * Fork CoW for RDB: current 0 MB, peak 0 MB, average 0 MB
45:M 30 Aug 2026 10:39:33.160 * Background saving terminated with success
45:M 30 Aug 2026 11:02:36.272 * 100 changes in 300 seconds. Saving...
45:M 30 Aug 2026 11:02:36.282 * Background saving started by pid 387
387:C 30 Aug 2026 11:02:36.284 * BGSAVE done, 8 keys saved, 0 keys skipped, 3694 bytes written.
387:C 30 Aug 2026 11:02:36.285 * DB saved on disk
387:C 30 Aug 2026 11:02:36.286 * Fork CoW for RDB: current 0 MB, peak 0 MB, average 0 MB
45:M 30 Aug 2026 11:02:36.395 * Background saving terminated with success
45:M 30 Aug 2026 11:24:55.758 * 100 changes in 300 seconds. Saving...
45:M 30 Aug 2026 11:24:55.763 * Background saving started by pid 388
388:C 30 Aug 2026 11:24:55.765 * BGSAVE done, 8 keys saved, 0 keys skipped, 3694 bytes written.
388:C 30 Aug 2026 11:24:55.766 * DB saved on disk
388:C 30 Aug 2026 11:24:55.766 * Fork CoW for RDB: current 0 MB, peak 0 MB, average 0 MB
45:M 30 Aug 2026 11:24:55.868 * Background saving terminated with success
45:M 30 Aug 2026 11:48:25.844 * 100 changes in 300 seconds. Saving...
45:M 30 Aug 2026 11:48:25.852 * Background saving started by pid 389
389:C 30 Aug 2026 11:48:25.854 * BGSAVE done, 8 keys saved, 0 keys skipped, 3694 bytes written.
389:C 30 Aug 2026 11:48:25.857 * DB saved on disk
389:C 30 Aug 2026 11:48:25.857 * Fork CoW for RDB: current 0 MB, peak 0 MB, average 0 MB
45:M 30 Aug 2026 11:48:25.955 * Background saving terminated with success
45:M 30 Aug 2026 12:12:55.769 * 100 changes in 300 seconds. Saving...
45:M 30 Aug 2026 12:12:55.776 * Background saving started by pid 390
390:C 30 Aug 2026 12:12:55.778 * BGSAVE done, 8 keys saved, 0 keys skipped, 3694 bytes written.
390:C 30 Aug 2026 12:12:55.779 * DB saved on disk
390:C 30 Aug 2026 12:12:55.780 * Fork CoW for RDB: current 0 MB, peak 0 MB, average 0 MB
45:M 30 Aug 2026 12:12:55.879 * Background saving terminated with success
45:M 30 Aug 2026 12:36:55.753 * 100 changes in 300 seconds. Saving...
45:M 30 Aug 2026 12:36:55.759 * Background saving started by pid 391
391:C 30 Aug 2026 12:36:55.761 * BGSAVE done, 8 keys saved, 0 keys skipped, 3694 bytes written.
391:C 30 Aug 2026 12:36:55.762 * DB saved on disk
391:C 30 Aug 2026 12:36:55.762 * Fork CoW for RDB: current 0 MB, peak 0 MB, average 0 MB
45:M 30 Aug 2026 12:36:55.863 * Background saving terminated with success
45:M 30 Aug 2026 12:59:25.789 * 100 changes in 300 seconds. Saving...
45:M 30 Aug 2026 12:59:25.797 * Background saving started by pid 392
392:C 30 Aug 2026 12:59:25.799 * BGSAVE done, 8 keys saved, 0 keys skipped, 3694 bytes written.
392:C 30 Aug 2026 12:59:25.800 * DB saved on disk
392:C 30 Aug 2026 12:59:25.800 * Fork CoW for RDB: current 0 MB, peak 0 MB, average 0 MB
45:M 30 Aug 2026 12:59:25.898 * Background saving terminated with success
45:M 30 Aug 2026 13:24:25.843 * 100 changes in 300 seconds. Saving...
45:M 30 Aug 2026 13:24:25.851 * Background saving started by pid 393
393:C 30 Aug 2026 13:24:25.853 * BGSAVE done, 8 keys saved, 0 keys skipped, 3694 bytes written.
393:C 30 Aug 2026 13:24:25.856 * DB saved on disk
393:C 30 Aug 2026 13:24:25.856 * Fork CoW for RDB: current 0 MB, peak 0 MB, average 0 MB
45:M 30 Aug 2026 13:24:25.955 * Background saving terminated with success
45:M 30 Aug 2026 13:49:25.843 * 100 changes in 300 seconds. Saving...
45:M 30 Aug 2026 13:49:25.851 * Background saving started by pid 394
394:C 30 Aug 2026 13:49:25.853 * BGSAVE done, 8 keys saved, 0 keys skipped, 3694 bytes written.
394:C 30 Aug 2026 13:49:25.856 * DB saved on disk
394:C 30 Aug 2026 13:49:25.856 * Fork CoW for RDB: current 0 MB, peak 0 MB, average 0 MB
45:M 30 Aug 2026 13:49:25.955 * Background saving terminated with success
45:M 30 Aug 2026 14:05:03.902 * 100 changes in 300 seconds. Saving...
45:M 30 Aug 2026 14:05:03.911 * Background saving started by pid 395
395:C 30 Aug 2026 14:05:03.913 * BGSAVE done, 10 keys saved, 0 keys skipped, 21164 bytes written.
395:C 30 Aug 2026 14:05:03.916 * DB saved on disk
395:C 30 Aug 2026 14:05:03.916 * Fork CoW for RDB: current 0 MB, peak 0 MB, average 0 MB
45:M 30 Aug 2026 14:05:04.026 * Background saving terminated with success
45:M 30 Aug 2026 14:10:05.075 * 100 changes in 300 seconds. Saving...
45:M 30 Aug 2026 14:10:05.083 * Background saving started by pid 396
396:C 30 Aug 2026 14:10:05.085 * BGSAVE done, 11 keys saved, 0 keys skipped, 23296 bytes written.
396:C 30 Aug 2026 14:10:05.088 * DB saved on disk
396:C 30 Aug 2026 14:10:05.088 * Fork CoW for RDB: current 0 MB, peak 0 MB, average 0 MB
45:M 30 Aug 2026 14:10:05.198 * Background saving terminated with success
45:M 30 Aug 2026 14:24:25.845 * 100 changes in 300 seconds. Saving...
45:M 30 Aug 2026 14:24:25.850 * Background saving started by pid 397
397:C 30 Aug 2026 14:24:25.852 * BGSAVE done, 8 keys saved, 0 keys skipped, 3694 bytes written.
397:C 30 Aug 2026 14:24:25.855 * DB saved on disk
397:C 30 Aug 2026 14:24:25.855 * Fork CoW for RDB: current 0 MB, peak 0 MB, average 0 MB
45:M 30 Aug 2026 14:24:25.952 * Background saving terminated with success
45:M 30 Aug 2026 14:35:15.070 * 100 changes in 300 seconds. Saving...
45:M 30 Aug 2026 14:35:15.081 * Background saving started by pid 398
398:C 30 Aug 2026 14:35:15.083 * BGSAVE done, 8 keys saved, 0 keys skipped, 3694 bytes written.
398:C 30 Aug 2026 14:35:15.085 * DB saved on disk
398:C 30 Aug 2026 14:35:15.085 * Fork CoW for RDB: current 0 MB, peak 0 MB, average 0 MB
45:M 30 Aug 2026 14:35:15.194 * Background saving terminated with success
45:M 30 Aug 2026 14:57:25.809 * 100 changes in 300 seconds. Saving...
45:M 30 Aug 2026 14:57:25.818 * Background saving started by pid 399
399:C 30 Aug 2026 14:57:25.820 * BGSAVE done, 8 keys saved, 0 keys skipped, 3694 bytes written.
399:C 30 Aug 2026 14:57:25.821 * DB saved on disk
399:C 30 Aug 2026 14:57:25.821 * Fork CoW for RDB: current 0 MB, peak 0 MB, average 0 MB
45:M 30 Aug 2026 14:57:25.919 * Background saving terminated with success
45:M 30 Aug 2026 15:18:55.759 * 100 changes in 300 seconds. Saving...
45:M 30 Aug 2026 15:18:55.767 * Background saving started by pid 400
400:C 30 Aug 2026 15:18:55.769 * BGSAVE done, 8 keys saved, 0 keys skipped, 3694 bytes written.
400:C 30 Aug 2026 15:18:55.770 * DB saved on disk
400:C 30 Aug 2026 15:18:55.770 * Fork CoW for RDB: current 0 MB, peak 0 MB, average 0 MB
45:M 30 Aug 2026 15:18:55.869 * Background saving terminated with success
45:M 30 Aug 2026 15:42:25.801 * 100 changes in 300 seconds. Saving...
45:M 30 Aug 2026 15:42:25.815 * Background saving started by pid 401
401:C 30 Aug 2026 15:42:25.818 * BGSAVE done, 8 keys saved, 0 keys skipped, 3694 bytes written.
401:C 30 Aug 2026 15:42:25.819 * DB saved on disk
401:C 30 Aug 2026 15:42:25.819 * Fork CoW for RDB: current 0 MB, peak 0 MB, average 0 MB
45:M 30 Aug 2026 15:42:25.927 * Background saving terminated with success
45:M 30 Aug 2026 16:03:25.823 * 100 changes in 300 seconds. Saving...
45:M 30 Aug 2026 16:03:25.830 * Background saving started by pid 402
402:C 30 Aug 2026 16:03:25.832 * BGSAVE done, 8 keys saved, 0 keys skipped, 3694 bytes written.
402:C 30 Aug 2026 16:03:25.833 * DB saved on disk
402:C 30 Aug 2026 16:03:25.833 * Fork CoW for RDB: current 0 MB, peak 0 MB, average 0 MB
45:M 30 Aug 2026 16:03:25.931 * Background saving terminated with success
45:M 30 Aug 2026 16:23:49.095 * 100 changes in 300 seconds. Saving...
45:M 30 Aug 2026 16:23:49.100 * Background saving started by pid 403
403:C 30 Aug 2026 16:23:49.102 * BGSAVE done, 10 keys saved, 0 keys skipped, 8079 bytes written.
403:C 30 Aug 2026 16:23:49.103 * DB saved on disk
403:C 30 Aug 2026 16:23:49.103 * Fork CoW for RDB: current 0 MB, peak 0 MB, average 0 MB
45:M 30 Aug 2026 16:23:49.206 * Background saving terminated with success
45:M 30 Aug 2026 16:46:25.804 * 100 changes in 300 seconds. Saving...
45:M 30 Aug 2026 16:46:25.815 * Background saving started by pid 404
404:C 30 Aug 2026 16:46:25.818 * BGSAVE done, 8 keys saved, 0 keys skipped, 3694 bytes written.
404:C 30 Aug 2026 16:46:25.819 * DB saved on disk
404:C 30 Aug 2026 16:46:25.819 * Fork CoW for RDB: current 0 MB, peak 0 MB, average 0 MB
45:M 30 Aug 2026 16:46:25.928 * Background saving terminated with success
45:M 30 Aug 2026 16:55:25.120 * 100 changes in 300 seconds. Saving...
45:M 30 Aug 2026 16:55:25.128 * Background saving started by pid 405
405:C 30 Aug 2026 16:55:25.130 * BGSAVE done, 8 keys saved, 0 keys skipped, 3694 bytes written.
405:C 30 Aug 2026 16:55:25.133 * DB saved on disk
405:C 30 Aug 2026 16:55:25.133 * Fork CoW for RDB: current 0 MB, peak 0 MB, average 0 MB
45:M 30 Aug 2026 16:55:25.228 * Background saving terminated with success
45:M 30 Aug 2026 17:00:26.072 * 100 changes in 300 seconds. Saving...
45:M 30 Aug 2026 17:00:26.083 * Background saving started by pid 406
406:C 30 Aug 2026 17:00:26.086 * BGSAVE done, 8 keys saved, 0 keys skipped, 3694 bytes written.
406:C 30 Aug 2026 17:00:26.089 * DB saved on disk
406:C 30 Aug 2026 17:00:26.089 * Fork CoW for RDB: current 0 MB, peak 0 MB, average 0 MB
45:M 30 Aug 2026 17:00:26.184 * Background saving terminated with success
45:M 30 Aug 2026 17:17:25.781 * 100 changes in 300 seconds. Saving...
45:M 30 Aug 2026 17:17:25.789 * Background saving started by pid 407
407:C 30 Aug 2026 17:17:25.791 * BGSAVE done, 8 keys saved, 0 keys skipped, 3694 bytes written.
407:C 30 Aug 2026 17:17:25.792 * DB saved on disk
407:C 30 Aug 2026 17:17:25.792 * Fork CoW for RDB: current 0 MB, peak 0 MB, average 0 MB
45:M 30 Aug 2026 17:17:25.891 * Background saving terminated with success
45:M 30 Aug 2026 17:42:25.781 * 100 changes in 300 seconds. Saving...
45:M 30 Aug 2026 17:42:25.786 * Background saving started by pid 408
408:C 30 Aug 2026 17:42:25.788 * BGSAVE done, 8 keys saved, 0 keys skipped, 3694 bytes written.
408:C 30 Aug 2026 17:42:25.789 * DB saved on disk
408:C 30 Aug 2026 17:42:25.789 * Fork CoW for RDB: current 0 MB, peak 0 MB, average 0 MB
45:M 30 Aug 2026 17:42:25.891 * Background saving terminated with success
45:M 30 Aug 2026 18:06:55.758 * 100 changes in 300 seconds. Saving...
45:M 30 Aug 2026 18:06:55.765 * Background saving started by pid 409
409:C 30 Aug 2026 18:06:55.767 * BGSAVE done, 8 keys saved, 0 keys skipped, 3694 bytes written.
409:C 30 Aug 2026 18:06:55.768 * DB saved on disk
409:C 30 Aug 2026 18:06:55.768 * Fork CoW for RDB: current 0 MB, peak 0 MB, average 0 MB
45:M 30 Aug 2026 18:06:55.868 * Background saving terminated with success
45:M 30 Aug 2026 18:31:55.768 * 100 changes in 300 seconds. Saving...
45:M 30 Aug 2026 18:31:55.775 * Background saving started by pid 410
410:C 30 Aug 2026 18:31:55.777 * BGSAVE done, 8 keys saved, 0 keys skipped, 3694 bytes written.
410:C 30 Aug 2026 18:31:55.778 * DB saved on disk
410:C 30 Aug 2026 18:31:55.778 * Fork CoW for RDB: current 0 MB, peak 0 MB, average 0 MB
45:M 30 Aug 2026 18:31:55.879 * Background saving terminated with success
45:M 30 Aug 2026 18:56:25.829 * 100 changes in 300 seconds. Saving...
45:M 30 Aug 2026 18:56:25.837 * Background saving started by pid 411
411:C 30 Aug 2026 18:56:25.839 * BGSAVE done, 8 keys saved, 0 keys skipped, 3694 bytes written.
411:C 30 Aug 2026 18:56:25.840 * DB saved on disk
411:C 30 Aug 2026 18:56:25.840 * Fork CoW for RDB: current 0 MB, peak 0 MB, average 0 MB
45:M 30 Aug 2026 18:56:25.940 * Background saving terminated with success
45:M 30 Aug 2026 19:21:25.832 * 100 changes in 300 seconds. Saving...
45:M 30 Aug 2026 19:21:25.840 * Background saving started by pid 412
412:C 30 Aug 2026 19:21:25.842 * BGSAVE done, 8 keys saved, 0 keys skipped, 3694 bytes written.
412:C 30 Aug 2026 19:21:25.843 * DB saved on disk
412:C 30 Aug 2026 19:21:25.843 * Fork CoW for RDB: current 0 MB, peak 0 MB, average 0 MB
45:M 30 Aug 2026 19:21:25.943 * Background saving terminated with success
45:M 30 Aug 2026 19:46:25.826 * 100 changes in 300 seconds. Saving...
45:M 30 Aug 2026 19:46:25.834 * Background saving started by pid 413
413:C 30 Aug 2026 19:46:25.836 * BGSAVE done, 8 keys saved, 0 keys skipped, 3694 bytes written.
413:C 30 Aug 2026 19:46:25.837 * DB saved on disk
413:C 30 Aug 2026 19:46:25.837 * Fork CoW for RDB: current 0 MB, peak 0 MB, average 0 MB
45:M 30 Aug 2026 19:46:25.936 * Background saving terminated with success
45:M 30 Aug 2026 20:10:55.842 * 100 changes in 300 seconds. Saving...
45:M 30 Aug 2026 20:10:55.849 * Background saving started by pid 414
414:C 30 Aug 2026 20:10:55.851 * BGSAVE done, 8 keys saved, 0 keys skipped, 3694 bytes written.
414:C 30 Aug 2026 20:10:55.854 * DB saved on disk
414:C 30 Aug 2026 20:10:55.854 * Fork CoW for RDB: current 0 MB, peak 0 MB, average 0 MB
45:M 30 Aug 2026 20:10:55.953 * Background saving terminated with success
45:M 30 Aug 2026 20:33:47.097 * 100 changes in 300 seconds. Saving...
45:M 30 Aug 2026 20:33:47.108 * Background saving started by pid 415
415:C 30 Aug 2026 20:33:47.111 * BGSAVE done, 10 keys saved, 0 keys skipped, 15674 bytes written.
415:C 30 Aug 2026 20:33:47.112 * DB saved on disk
415:C 30 Aug 2026 20:33:47.112 * Fork CoW for RDB: current 0 MB, peak 0 MB, average 0 MB
45:M 30 Aug 2026 20:33:47.221 * Background saving terminated with success
45:M 30 Aug 2026 20:38:48.078 * 100 changes in 300 seconds. Saving...
45:M 30 Aug 2026 20:38:48.082 * Background saving started by pid 416
416:C 30 Aug 2026 20:38:48.085 * BGSAVE done, 10 keys saved, 0 keys skipped, 14141 bytes written.
416:C 30 Aug 2026 20:38:48.087 * DB saved on disk
416:C 30 Aug 2026 20:38:48.088 * Fork CoW for RDB: current 0 MB, peak 0 MB, average 0 MB
45:M 30 Aug 2026 20:38:48.188 * Background saving terminated with success
45:M 30 Aug 2026 20:50:25.786 * 100 changes in 300 seconds. Saving...
45:M 30 Aug 2026 20:50:25.794 * Background saving started by pid 417
417:C 30 Aug 2026 20:50:25.796 * BGSAVE done, 8 keys saved, 0 keys skipped, 3694 bytes written.
417:C 30 Aug 2026 20:50:25.797 * DB saved on disk
417:C 30 Aug 2026 20:50:25.797 * Fork CoW for RDB: current 0 MB, peak 0 MB, average 0 MB
45:M 30 Aug 2026 20:50:25.895 * Background saving terminated with success
45:M 30 Aug 2026 21:13:25.737 * 100 changes in 300 seconds. Saving...
45:M 30 Aug 2026 21:13:25.746 * Background saving started by pid 418
418:C 30 Aug 2026 21:13:25.748 * BGSAVE done, 9 keys saved, 0 keys skipped, 3753 bytes written.
418:C 30 Aug 2026 21:13:25.749 * DB saved on disk
418:C 30 Aug 2026 21:13:25.749 * Fork CoW for RDB: current 0 MB, peak 0 MB, average 0 MB
45:M 30 Aug 2026 21:13:25.853 * Background saving terminated with success
45:M 30 Aug 2026 21:35:25.844 * 100 changes in 300 seconds. Saving...
45:M 30 Aug 2026 21:35:25.851 * Background saving started by pid 419
419:C 30 Aug 2026 21:35:25.853 * BGSAVE done, 8 keys saved, 0 keys skipped, 3694 bytes written.
419:C 30 Aug 2026 21:35:25.856 * DB saved on disk
419:C 30 Aug 2026 21:35:25.856 * Fork CoW for RDB: current 0 MB, peak 0 MB, average 0 MB
45:M 30 Aug 2026 21:35:25.953 * Background saving terminated with success
45:M 30 Aug 2026 21:54:21.730 * 100 changes in 300 seconds. Saving...
45:M 30 Aug 2026 21:54:21.740 * Background saving started by pid 420
420:C 30 Aug 2026 21:54:21.743 * BGSAVE done, 10 keys saved, 0 keys skipped, 25166 bytes written.
420:C 30 Aug 2026 21:54:21.744 * DB saved on disk
420:C 30 Aug 2026 21:54:21.744 * Fork CoW for RDB: current 0 MB, peak 0 MB, average 0 MB
45:M 30 Aug 2026 21:54:21.853 * Background saving terminated with success
45:M 30 Aug 2026 21:59:22.094 * 100 changes in 300 seconds. Saving...
45:M 30 Aug 2026 21:59:22.102 * Background saving started by pid 421
421:C 30 Aug 2026 21:59:22.104 * BGSAVE done, 8 keys saved, 0 keys skipped, 3694 bytes written.
421:C 30 Aug 2026 21:59:22.110 * DB saved on disk
421:C 30 Aug 2026 21:59:22.110 * Fork CoW for RDB: current 0 MB, peak 0 MB, average 0 MB
45:M 30 Aug 2026 21:59:22.216 * Background saving terminated with success
45:M 30 Aug 2026 22:14:25.752 * 100 changes in 300 seconds. Saving...
45:M 30 Aug 2026 22:14:25.761 * Background saving started by pid 422
422:C 30 Aug 2026 22:14:25.763 * BGSAVE done, 10 keys saved, 0 keys skipped, 15343 bytes written.
422:C 30 Aug 2026 22:14:25.764 * DB saved on disk
422:C 30 Aug 2026 22:14:25.764 * Fork CoW for RDB: current 0 MB, peak 0 MB, average 0 MB
45:M 30 Aug 2026 22:14:25.862 * Background saving terminated with success
45:M 30 Aug 2026 22:22:05.922 * 100 changes in 300 seconds. Saving...
45:M 30 Aug 2026 22:22:05.931 * Background saving started by pid 423
423:C 30 Aug 2026 22:22:05.934 * BGSAVE done, 13 keys saved, 0 keys skipped, 55102 bytes written.
423:C 30 Aug 2026 22:22:05.937 * DB saved on disk
423:C 30 Aug 2026 22:22:05.937 * Fork CoW for RDB: current 0 MB, peak 0 MB, average 0 MB
45:M 30 Aug 2026 22:22:06.039 * Background saving terminated with success
45:M 30 Aug 2026 22:22:45.304 * Starting automatic rewriting of AOF on 638990% growth
45:M 30 Aug 2026 22:22:45.309 * Creating AOF incr file appendonly.aof.4.incr.aof on background rewrite
45:M 30 Aug 2026 22:22:45.314 * Background append only file rewriting started by pid 424
424:C 30 Aug 2026 22:22:45.316 * BGSAVE done, 12 keys saved, 0 keys skipped, 38196 bytes written.
424:C 30 Aug 2026 22:22:45.317 * Successfully created the temporary AOF base file temp-rewriteaof-bg-424.aof
424:C 30 Aug 2026 22:22:45.318 * Fork CoW for AOF rewrite: current 0 MB, peak 0 MB, average 0 MB
45:M 30 Aug 2026 22:22:45.414 * Background AOF rewrite terminated with success
45:M 30 Aug 2026 22:22:45.414 * Successfully renamed the temporary AOF base file temp-rewriteaof-bg-424.aof into appendonly.aof.4.base.rdb
45:M 30 Aug 2026 22:22:45.416 * Removing the history file appendonly.aof.3.incr.aof in the background
45:M 30 Aug 2026 22:22:45.416 * Removing the history file appendonly.aof.3.base.rdb in the background
45:M 30 Aug 2026 22:22:45.421 * Background AOF rewrite finished successfully
45:M 30 Aug 2026 22:27:07.019 * 100 changes in 300 seconds. Saving...
45:M 30 Aug 2026 22:27:07.024 * Background saving started by pid 425
425:C 30 Aug 2026 22:27:07.026 * BGSAVE done, 8 keys saved, 0 keys skipped, 3694 bytes written.
425:C 30 Aug 2026 22:27:07.027 * DB saved on disk
425:C 30 Aug 2026 22:27:07.028 * Fork CoW for RDB: current 0 MB, peak 0 MB, average 0 MB
45:M 30 Aug 2026 22:27:07.129 * Background saving terminated with success
45:M 30 Aug 2026 22:34:28.831 * 100 changes in 300 seconds. Saving...
45:M 30 Aug 2026 22:34:28.839 * Background saving started by pid 426
426:C 30 Aug 2026 22:34:28.842 * BGSAVE done, 14 keys saved, 0 keys skipped, 73265 bytes written.
426:C 30 Aug 2026 22:34:28.845 * DB saved on disk
426:C 30 Aug 2026 22:34:28.845 * Fork CoW for RDB: current 0 MB, peak 0 MB, average 0 MB
45:M 30 Aug 2026 22:34:28.941 * Background saving terminated with success
45:M 30 Aug 2026 22:39:29.041 * 100 changes in 300 seconds. Saving...
45:M 30 Aug 2026 22:39:29.047 * Background saving started by pid 427
427:C 30 Aug 2026 22:39:29.049 * BGSAVE done, 8 keys saved, 0 keys skipped, 3694 bytes written.
427:C 30 Aug 2026 22:39:29.052 * DB saved on disk
427:C 30 Aug 2026 22:39:29.052 * Fork CoW for RDB: current 0 MB, peak 0 MB, average 0 MB
45:M 30 Aug 2026 22:39:29.150 * Background saving terminated with success
45:M 30 Aug 2026 22:54:02.717 * 100 changes in 300 seconds. Saving...
45:M 30 Aug 2026 22:54:02.726 * Background saving started by pid 428
428:C 30 Aug 2026 22:54:02.728 * BGSAVE done, 11 keys saved, 0 keys skipped, 43646 bytes written.
428:C 30 Aug 2026 22:54:02.729 * DB saved on disk
428:C 30 Aug 2026 22:54:02.730 * Fork CoW for RDB: current 0 MB, peak 0 MB, average 0 MB
45:M 30 Aug 2026 22:54:02.840 * Background saving terminated with success
45:M 30 Aug 2026 22:59:03.025 * 100 changes in 300 seconds. Saving...
45:M 30 Aug 2026 22:59:03.038 * Background saving started by pid 429
429:C 30 Aug 2026 22:59:03.040 * BGSAVE done, 10 keys saved, 0 keys skipped, 26901 bytes written.
429:C 30 Aug 2026 22:59:03.043 * DB saved on disk
429:C 30 Aug 2026 22:59:03.043 * Fork CoW for RDB: current 0 MB, peak 0 MB, average 0 MB
45:M 30 Aug 2026 22:59:03.147 * Background saving terminated with success
45:M 30 Aug 2026 23:04:04.007 * 100 changes in 300 seconds. Saving...
45:M 30 Aug 2026 23:04:04.012 * Background saving started by pid 430
430:C 30 Aug 2026 23:04:04.014 * BGSAVE done, 8 keys saved, 0 keys skipped, 3694 bytes written.
430:C 30 Aug 2026 23:04:04.017 * DB saved on disk
430:C 30 Aug 2026 23:04:04.017 * Fork CoW for RDB: current 0 MB, peak 0 MB, average 0 MB
45:M 30 Aug 2026 23:04:04.114 * Background saving terminated with success
45:M 30 Aug 2026 23:19:22.362 * 100 changes in 300 seconds. Saving...
45:M 30 Aug 2026 23:19:22.367 * Background saving started by pid 431
431:C 30 Aug 2026 23:19:22.369 * BGSAVE done, 12 keys saved, 0 keys skipped, 17309 bytes written.
431:C 30 Aug 2026 23:19:22.371 * DB saved on disk
431:C 30 Aug 2026 23:19:22.371 * Fork CoW for RDB: current 0 MB, peak 0 MB, average 0 MB
45:M 30 Aug 2026 23:19:22.470 * Background saving terminated with success
45:M 30 Aug 2026 23:20:13.186 * Starting automatic rewriting of AOF on 2544% growth
45:M 30 Aug 2026 23:20:13.190 * Creating AOF incr file appendonly.aof.5.incr.aof on background rewrite
45:M 30 Aug 2026 23:20:13.194 * Background append only file rewriting started by pid 432
432:C 30 Aug 2026 23:20:13.197 * BGSAVE done, 13 keys saved, 0 keys skipped, 39716 bytes written.
432:C 30 Aug 2026 23:20:13.201 * Successfully created the temporary AOF base file temp-rewriteaof-bg-432.aof
432:C 30 Aug 2026 23:20:13.201 * Fork CoW for AOF rewrite: current 0 MB, peak 0 MB, average 0 MB
45:M 30 Aug 2026 23:20:13.295 * Background AOF rewrite terminated with success
45:M 30 Aug 2026 23:20:13.295 * Successfully renamed the temporary AOF base file temp-rewriteaof-bg-432.aof into appendonly.aof.5.base.rdb
45:M 30 Aug 2026 23:20:13.297 * Removing the history file appendonly.aof.4.incr.aof in the background
45:M 30 Aug 2026 23:20:13.297 * Removing the history file appendonly.aof.4.base.rdb in the background
45:M 30 Aug 2026 23:20:13.302 * Background AOF rewrite finished successfully
45:M 30 Aug 2026 23:24:23.040 * 100 changes in 300 seconds. Saving...
45:M 30 Aug 2026 23:24:23.048 * Background saving started by pid 433
433:C 30 Aug 2026 23:24:23.050 * BGSAVE done, 10 keys saved, 0 keys skipped, 25276 bytes written.
433:C 30 Aug 2026 23:24:23.053 * DB saved on disk
433:C 30 Aug 2026 23:24:23.053 * Fork CoW for RDB: current 0 MB, peak 0 MB, average 0 MB
45:M 30 Aug 2026 23:24:23.149 * Background saving terminated with success
45:M 30 Aug 2026 23:29:24.080 * 100 changes in 300 seconds. Saving...
45:M 30 Aug 2026 23:29:24.089 * Background saving started by pid 434
434:C 30 Aug 2026 23:29:24.092 * BGSAVE done, 10 keys saved, 0 keys skipped, 25278 bytes written.
434:C 30 Aug 2026 23:29:24.095 * DB saved on disk
434:C 30 Aug 2026 23:29:24.095 * Fork CoW for RDB: current 0 MB, peak 0 MB, average 0 MB
45:M 30 Aug 2026 23:29:24.202 * Background saving terminated with success
45:M 30 Aug 2026 23:43:45.059 * 100 changes in 300 seconds. Saving...
45:M 30 Aug 2026 23:43:45.069 * Background saving started by pid 435
435:C 30 Aug 2026 23:43:45.071 * BGSAVE done, 10 keys saved, 0 keys skipped, 8748 bytes written.
435:C 30 Aug 2026 23:43:45.073 * DB saved on disk
435:C 30 Aug 2026 23:43:45.073 * Fork CoW for RDB: current 0 MB, peak 0 MB, average 0 MB
45:M 30 Aug 2026 23:43:45.183 * Background saving terminated with success
45:M 31 Aug 2026 00:00:25.358 * 100 changes in 300 seconds. Saving...
45:M 31 Aug 2026 00:00:25.368 * Background saving started by pid 436
436:C 31 Aug 2026 00:00:25.370 * BGSAVE done, 8 keys saved, 0 keys skipped, 3694 bytes written.
436:C 31 Aug 2026 00:00:25.372 * DB saved on disk
436:C 31 Aug 2026 00:00:25.372 * Fork CoW for RDB: current 0 MB, peak 0 MB, average 0 MB
45:M 31 Aug 2026 00:00:25.480 * Background saving terminated with success
45:M 31 Aug 2026 00:22:55.346 * 100 changes in 300 seconds. Saving...
45:M 31 Aug 2026 00:22:55.358 * Background saving started by pid 437
437:C 31 Aug 2026 00:22:55.361 * BGSAVE done, 8 keys saved, 0 keys skipped, 3694 bytes written.
437:C 31 Aug 2026 00:22:55.362 * DB saved on disk
437:C 31 Aug 2026 00:22:55.363 * Fork CoW for RDB: current 0 MB, peak 0 MB, average 0 MB
45:M 31 Aug 2026 00:22:55.469 * Background saving terminated with success
45:M 31 Aug 2026 00:39:49.097 * 100 changes in 300 seconds. Saving...
45:M 31 Aug 2026 00:39:49.106 * Background saving started by pid 438
438:C 31 Aug 2026 00:39:49.110 * BGSAVE done, 11 keys saved, 0 keys skipped, 18137 bytes written.
438:C 31 Aug 2026 00:39:49.113 * DB saved on disk
438:C 31 Aug 2026 00:39:49.113 * Fork CoW for RDB: current 0 MB, peak 0 MB, average 0 MB
45:M 31 Aug 2026 00:39:49.218 * Background saving terminated with success
45:M 31 Aug 2026 00:44:50.034 * 100 changes in 300 seconds. Saving...
45:M 31 Aug 2026 00:44:50.046 * Background saving started by pid 439
439:C 31 Aug 2026 00:44:50.048 * BGSAVE done, 10 keys saved, 0 keys skipped, 26009 bytes written.
439:C 31 Aug 2026 00:44:50.052 * DB saved on disk
439:C 31 Aug 2026 00:44:50.052 * Fork CoW for RDB: current 0 MB, peak 0 MB, average 0 MB
45:M 31 Aug 2026 00:44:50.157 * Background saving terminated with success
45:M 31 Aug 2026 00:49:51.037 * 100 changes in 300 seconds. Saving...
45:M 31 Aug 2026 00:49:51.048 * Background saving started by pid 440
440:C 31 Aug 2026 00:49:51.051 * BGSAVE done, 10 keys saved, 0 keys skipped, 22291 bytes written.
440:C 31 Aug 2026 00:49:51.054 * DB saved on disk
440:C 31 Aug 2026 00:49:51.054 * Fork CoW for RDB: current 0 MB, peak 0 MB, average 0 MB
45:M 31 Aug 2026 00:49:51.162 * Background saving terminated with success
45:M 31 Aug 2026 01:05:46.732 * 100 changes in 300 seconds. Saving...
45:M 31 Aug 2026 01:05:46.750 * Background saving started by pid 441
441:C 31 Aug 2026 01:05:46.754 * BGSAVE done, 10 keys saved, 0 keys skipped, 9223 bytes written.
441:C 31 Aug 2026 01:05:46.758 * DB saved on disk
441:C 31 Aug 2026 01:05:46.759 * Fork CoW for RDB: current 0 MB, peak 0 MB, average 0 MB
45:M 31 Aug 2026 01:05:46.855 * Background saving terminated with success
45:M 31 Aug 2026 01:22:25.348 * 100 changes in 300 seconds. Saving...
45:M 31 Aug 2026 01:22:25.358 * Background saving started by pid 442
442:C 31 Aug 2026 01:22:25.362 * BGSAVE done, 8 keys saved, 0 keys skipped, 3694 bytes written.
442:C 31 Aug 2026 01:22:25.364 * DB saved on disk
442:C 31 Aug 2026 01:22:25.364 * Fork CoW for RDB: current 0 MB, peak 0 MB, average 0 MB
45:M 31 Aug 2026 01:22:25.472 * Background saving terminated with success
45:M 31 Aug 2026 01:41:25.336 * 100 changes in 300 seconds. Saving...
45:M 31 Aug 2026 01:41:25.354 * Background saving started by pid 443
443:C 31 Aug 2026 01:41:25.358 * BGSAVE done, 8 keys saved, 0 keys skipped, 3694 bytes written.
443:C 31 Aug 2026 01:41:25.360 * DB saved on disk
443:C 31 Aug 2026 01:41:25.360 * Fork CoW for RDB: current 0 MB, peak 0 MB, average 0 MB
45:M 31 Aug 2026 01:41:25.464 * Background saving terminated with success
45:M 31 Aug 2026 01:47:37.713 * 100 changes in 300 seconds. Saving...
45:M 31 Aug 2026 01:47:37.724 * Background saving started by pid 444
444:C 31 Aug 2026 01:47:37.727 * BGSAVE done, 11 keys saved, 0 keys skipped, 17954 bytes written.
444:C 31 Aug 2026 01:47:37.731 * DB saved on disk
444:C 31 Aug 2026 01:47:37.731 * Fork CoW for RDB: current 0 MB, peak 0 MB, average 0 MB
45:M 31 Aug 2026 01:47:37.826 * Background saving terminated with success
45:M 31 Aug 2026 01:52:38.004 * 100 changes in 300 seconds. Saving...
45:M 31 Aug 2026 01:52:38.017 * Background saving started by pid 445
445:C 31 Aug 2026 01:52:38.021 * BGSAVE done, 8 keys saved, 0 keys skipped, 3694 bytes written.
445:C 31 Aug 2026 01:52:38.024 * DB saved on disk
445:C 31 Aug 2026 01:52:38.024 * Fork CoW for RDB: current 0 MB, peak 0 MB, average 0 MB
45:M 31 Aug 2026 01:52:38.130 * Background saving terminated with success
45:M 31 Aug 2026 01:57:39.007 * 100 changes in 300 seconds. Saving...
45:M 31 Aug 2026 01:57:39.019 * Background saving started by pid 446
446:C 31 Aug 2026 01:57:39.022 * BGSAVE done, 8 keys saved, 0 keys skipped, 3694 bytes written.
446:C 31 Aug 2026 01:57:39.025 * DB saved on disk
446:C 31 Aug 2026 01:57:39.026 * Fork CoW for RDB: current 0 MB, peak 0 MB, average 0 MB
45:M 31 Aug 2026 01:57:39.131 * Background saving terminated with success
45:M 31 Aug 2026 02:02:40.027 * 100 changes in 300 seconds. Saving...
45:M 31 Aug 2026 02:02:40.039 * Background saving started by pid 447
447:C 31 Aug 2026 02:02:40.042 * BGSAVE done, 8 keys saved, 0 keys skipped, 3694 bytes written.
447:C 31 Aug 2026 02:02:40.046 * DB saved on disk
447:C 31 Aug 2026 02:02:40.046 * Fork CoW for RDB: current 0 MB, peak 0 MB, average 0 MB
45:M 31 Aug 2026 02:02:40.151 * Background saving terminated with success
45:M 31 Aug 2026 02:13:35.223 * 100 changes in 300 seconds. Saving...
45:M 31 Aug 2026 02:13:35.235 * Background saving started by pid 448
448:C 31 Aug 2026 02:13:35.238 * BGSAVE done, 10 keys saved, 0 keys skipped, 8559 bytes written.
448:C 31 Aug 2026 02:13:35.240 * DB saved on disk
448:C 31 Aug 2026 02:13:35.240 * Fork CoW for RDB: current 0 MB, peak 0 MB, average 0 MB
45:M 31 Aug 2026 02:13:35.348 * Background saving terminated with success
45:M 31 Aug 2026 02:18:36.107 * 100 changes in 300 seconds. Saving...
45:M 31 Aug 2026 02:18:36.119 * Background saving started by pid 449
449:C 31 Aug 2026 02:18:36.122 * BGSAVE done, 8 keys saved, 0 keys skipped, 3694 bytes written.
449:C 31 Aug 2026 02:18:36.125 * DB saved on disk
449:C 31 Aug 2026 02:18:36.125 * Fork CoW for RDB: current 0 MB, peak 0 MB, average 0 MB
45:M 31 Aug 2026 02:18:36.233 * Background saving terminated with success
45:M 31 Aug 2026 02:42:55.299 * 100 changes in 300 seconds. Saving...
45:M 31 Aug 2026 02:42:55.308 * Background saving started by pid 450
450:C 31 Aug 2026 02:42:55.310 * BGSAVE done, 8 keys saved, 0 keys skipped, 3694 bytes written.
450:C 31 Aug 2026 02:42:55.312 * DB saved on disk
450:C 31 Aug 2026 02:42:55.312 * Fork CoW for RDB: current 0 MB, peak 0 MB, average 0 MB
45:M 31 Aug 2026 02:42:55.423 * Background saving terminated with success
45:M 31 Aug 2026 03:05:55.321 * 100 changes in 300 seconds. Saving...
45:M 31 Aug 2026 03:05:55.330 * Background saving started by pid 451
451:C 31 Aug 2026 03:05:55.333 * BGSAVE done, 8 keys saved, 0 keys skipped, 3694 bytes written.
451:C 31 Aug 2026 03:05:55.335 * DB saved on disk
451:C 31 Aug 2026 03:05:55.335 * Fork CoW for RDB: current 0 MB, peak 0 MB, average 0 MB
45:M 31 Aug 2026 03:05:55.431 * Background saving terminated with success
45:M 31 Aug 2026 03:30:55.392 * 100 changes in 300 seconds. Saving...
45:M 31 Aug 2026 03:30:55.402 * Background saving started by pid 452
452:C 31 Aug 2026 03:30:55.405 * BGSAVE done, 8 keys saved, 0 keys skipped, 3694 bytes written.
452:C 31 Aug 2026 03:30:55.408 * DB saved on disk
452:C 31 Aug 2026 03:30:55.409 * Fork CoW for RDB: current 0 MB, peak 0 MB, average 0 MB
45:M 31 Aug 2026 03:30:55.504 * Background saving terminated with success
45:M 31 Aug 2026 03:41:49.642 * 100 changes in 300 seconds. Saving...
45:M 31 Aug 2026 03:41:49.653 * Background saving started by pid 453
453:C 31 Aug 2026 03:41:49.656 * BGSAVE done, 10 keys saved, 0 keys skipped, 17098 bytes written.
453:C 31 Aug 2026 03:41:49.657 * DB saved on disk
453:C 31 Aug 2026 03:41:49.658 * Fork CoW for RDB: current 0 MB, peak 0 MB, average 0 MB
45:M 31 Aug 2026 03:41:49.765 * Background saving terminated with success
45:M 31 Aug 2026 03:46:00.817 * Starting automatic rewriting of AOF on 1582% growth
45:M 31 Aug 2026 03:46:00.824 * Creating AOF incr file appendonly.aof.6.incr.aof on background rewrite
45:M 31 Aug 2026 03:46:00.828 * Background append only file rewriting started by pid 454
454:C 31 Aug 2026 03:46:00.830 * BGSAVE done, 10 keys saved, 0 keys skipped, 23988 bytes written.
454:C 31 Aug 2026 03:46:00.831 * Successfully created the temporary AOF base file temp-rewriteaof-bg-454.aof
454:C 31 Aug 2026 03:46:00.831 * Fork CoW for AOF rewrite: current 0 MB, peak 0 MB, average 0 MB
45:M 31 Aug 2026 03:46:00.940 * Background AOF rewrite terminated with success
45:M 31 Aug 2026 03:46:00.941 * Successfully renamed the temporary AOF base file temp-rewriteaof-bg-454.aof into appendonly.aof.6.base.rdb
45:M 31 Aug 2026 03:46:00.945 * Removing the history file appendonly.aof.5.incr.aof in the background
45:M 31 Aug 2026 03:46:00.945 * Removing the history file appendonly.aof.5.base.rdb in the background
45:M 31 Aug 2026 03:46:00.952 * Background AOF rewrite finished successfully
45:M 31 Aug 2026 03:46:50.085 * 100 changes in 300 seconds. Saving...
45:M 31 Aug 2026 03:46:50.101 * Background saving started by pid 455
455:C 31 Aug 2026 03:46:50.105 * BGSAVE done, 10 keys saved, 0 keys skipped, 23988 bytes written.
455:C 31 Aug 2026 03:46:50.108 * DB saved on disk
455:C 31 Aug 2026 03:46:50.108 * Fork CoW for RDB: current 0 MB, peak 0 MB, average 0 MB
45:M 31 Aug 2026 03:46:50.210 * Background saving terminated with success
45:M 31 Aug 2026 03:51:51.033 * 100 changes in 300 seconds. Saving...
45:M 31 Aug 2026 03:51:51.038 * Background saving started by pid 456
456:C 31 Aug 2026 03:51:51.040 * BGSAVE done, 8 keys saved, 0 keys skipped, 3694 bytes written.
456:C 31 Aug 2026 03:51:51.043 * DB saved on disk
456:C 31 Aug 2026 03:51:51.043 * Fork CoW for RDB: current 0 MB, peak 0 MB, average 0 MB
45:M 31 Aug 2026 03:51:51.141 * Background saving terminated with success
45:M 31 Aug 2026 04:05:08.651 * 100 changes in 300 seconds. Saving...
45:M 31 Aug 2026 04:05:08.659 * Background saving started by pid 457
457:C 31 Aug 2026 04:05:08.661 * BGSAVE done, 10 keys saved, 0 keys skipped, 10167 bytes written.
457:C 31 Aug 2026 04:05:08.662 * DB saved on disk
457:C 31 Aug 2026 04:05:08.662 * Fork CoW for RDB: current 0 MB, peak 0 MB, average 0 MB
45:M 31 Aug 2026 04:05:08.774 * Background saving terminated with success
45:M 31 Aug 2026 04:10:09.080 * 100 changes in 300 seconds. Saving...
45:M 31 Aug 2026 04:10:09.088 * Background saving started by pid 458
458:C 31 Aug 2026 04:10:09.090 * BGSAVE done, 10 keys saved, 0 keys skipped, 15891 bytes written.
458:C 31 Aug 2026 04:10:09.093 * DB saved on disk
458:C 31 Aug 2026 04:10:09.093 * Fork CoW for RDB: current 0 MB, peak 0 MB, average 0 MB
45:M 31 Aug 2026 04:10:09.203 * Background saving terminated with success
45:M 31 Aug 2026 04:18:56.665 * 100 changes in 300 seconds. Saving...
45:M 31 Aug 2026 04:18:56.669 * Background saving started by pid 459
459:C 31 Aug 2026 04:18:56.671 * BGSAVE done, 10 keys saved, 0 keys skipped, 11666 bytes written.
459:C 31 Aug 2026 04:18:56.676 * DB saved on disk
459:C 31 Aug 2026 04:18:56.680 * Fork CoW for RDB: current 0 MB, peak 0 MB, average 0 MB
45:M 31 Aug 2026 04:18:56.772 * Background saving terminated with success
45:M 31 Aug 2026 04:26:31.016 * 100 changes in 300 seconds. Saving...
45:M 31 Aug 2026 04:26:31.021 * Background saving started by pid 460
460:C 31 Aug 2026 04:26:31.023 * BGSAVE done, 8 keys saved, 0 keys skipped, 3694 bytes written.
460:C 31 Aug 2026 04:26:31.025 * DB saved on disk
460:C 31 Aug 2026 04:26:31.026 * Fork CoW for RDB: current 0 MB, peak 0 MB, average 0 MB
45:M 31 Aug 2026 04:26:31.126 * Background saving terminated with success
45:M 31 Aug 2026 04:47:00.959 * 100 changes in 300 seconds. Saving...
45:M 31 Aug 2026 04:47:00.967 * Background saving started by pid 461
461:C 31 Aug 2026 04:47:00.969 * BGSAVE done, 8 keys saved, 0 keys skipped, 3694 bytes written.
461:C 31 Aug 2026 04:47:00.970 * DB saved on disk
461:C 31 Aug 2026 04:47:00.970 * Fork CoW for RDB: current 0 MB, peak 0 MB, average 0 MB
45:M 31 Aug 2026 04:47:01.069 * Background saving terminated with success
45:M 31 Aug 2026 05:12:00.992 * 100 changes in 300 seconds. Saving...
45:M 31 Aug 2026 05:12:01.002 * Background saving started by pid 462
462:C 31 Aug 2026 05:12:01.005 * BGSAVE done, 8 keys saved, 0 keys skipped, 3694 bytes written.
462:C 31 Aug 2026 05:12:01.007 * DB saved on disk
462:C 31 Aug 2026 05:12:01.007 * Fork CoW for RDB: current 0 MB, peak 0 MB, average 0 MB
45:M 31 Aug 2026 05:12:01.103 * Background saving terminated with success
45:M 31 Aug 2026 05:34:31.017 * 100 changes in 300 seconds. Saving...
45:M 31 Aug 2026 05:34:31.025 * Background saving started by pid 463
463:C 31 Aug 2026 05:34:31.027 * BGSAVE done, 8 keys saved, 0 keys skipped, 3694 bytes written.
463:C 31 Aug 2026 05:34:31.030 * DB saved on disk
463:C 31 Aug 2026 05:34:31.030 * Fork CoW for RDB: current 0 MB, peak 0 MB, average 0 MB
45:M 31 Aug 2026 05:34:31.127 * Background saving terminated with success
45:M 31 Aug 2026 05:59:30.957 * 100 changes in 300 seconds. Saving...
45:M 31 Aug 2026 05:59:30.976 * Background saving started by pid 464
464:C 31 Aug 2026 05:59:30.979 * BGSAVE done, 8 keys saved, 0 keys skipped, 3694 bytes written.
464:C 31 Aug 2026 05:59:30.980 * DB saved on disk
464:C 31 Aug 2026 05:59:30.980 * Fork CoW for RDB: current 0 MB, peak 0 MB, average 0 MB
45:M 31 Aug 2026 05:59:31.083 * Background saving terminated with success
45:M 31 Aug 2026 06:24:30.933 * 100 changes in 300 seconds. Saving...
45:M 31 Aug 2026 06:24:30.946 * Background saving started by pid 465
465:C 31 Aug 2026 06:24:30.949 * BGSAVE done, 8 keys saved, 0 keys skipped, 3694 bytes written.
465:C 31 Aug 2026 06:24:30.950 * DB saved on disk
465:C 31 Aug 2026 06:24:30.951 * Fork CoW for RDB: current 0 MB, peak 0 MB, average 0 MB
45:M 31 Aug 2026 06:24:31.059 * Background saving terminated with success
45:M 31 Aug 2026 06:49:00.942 * 100 changes in 300 seconds. Saving...
45:M 31 Aug 2026 06:49:00.953 * Background saving started by pid 466
466:C 31 Aug 2026 06:49:00.957 * BGSAVE done, 8 keys saved, 0 keys skipped, 3694 bytes written.
466:C 31 Aug 2026 06:49:00.958 * DB saved on disk
466:C 31 Aug 2026 06:49:00.959 * Fork CoW for RDB: current 0 MB, peak 0 MB, average 0 MB
45:M 31 Aug 2026 06:49:01.068 * Background saving terminated with success
45:M 31 Aug 2026 07:14:00.981 * 100 changes in 300 seconds. Saving...
45:M 31 Aug 2026 07:14:01.000 * Background saving started by pid 467
467:C 31 Aug 2026 07:14:01.003 * BGSAVE done, 8 keys saved, 0 keys skipped, 3694 bytes written.
467:C 31 Aug 2026 07:14:01.004 * DB saved on disk
467:C 31 Aug 2026 07:14:01.004 * Fork CoW for RDB: current 0 MB, peak 0 MB, average 0 MB
45:M 31 Aug 2026 07:14:01.107 * Background saving terminated with success
45:M 31 Aug 2026 07:38:30.985 * 100 changes in 300 seconds. Saving...
45:M 31 Aug 2026 07:38:30.995 * Background saving started by pid 468
468:C 31 Aug 2026 07:38:30.998 * BGSAVE done, 8 keys saved, 0 keys skipped, 3694 bytes written.
468:C 31 Aug 2026 07:38:30.999 * DB saved on disk
468:C 31 Aug 2026 07:38:31.000 * Fork CoW for RDB: current 0 MB, peak 0 MB, average 0 MB
45:M 31 Aug 2026 07:38:31.110 * Background saving terminated with success
45:M 31 Aug 2026 08:03:30.969 * 100 changes in 300 seconds. Saving...
45:M 31 Aug 2026 08:03:30.982 * Background saving started by pid 469
469:C 31 Aug 2026 08:03:30.985 * BGSAVE done, 8 keys saved, 0 keys skipped, 3694 bytes written.
469:C 31 Aug 2026 08:03:30.986 * DB saved on disk
469:C 31 Aug 2026 08:03:30.987 * Fork CoW for RDB: current 0 MB, peak 0 MB, average 0 MB
45:M 31 Aug 2026 08:03:31.095 * Background saving terminated with success
45:M 31 Aug 2026 08:28:01.020 * 100 changes in 300 seconds. Saving...
45:M 31 Aug 2026 08:28:01.038 * Background saving started by pid 470
470:C 31 Aug 2026 08:28:01.041 * BGSAVE done, 8 keys saved, 0 keys skipped, 3694 bytes written.
470:C 31 Aug 2026 08:28:01.045 * DB saved on disk
470:C 31 Aug 2026 08:28:01.045 * Fork CoW for RDB: current 0 MB, peak 0 MB, average 0 MB
45:M 31 Aug 2026 08:28:01.148 * Background saving terminated with success
45:M 31 Aug 2026 08:53:01.004 * 100 changes in 300 seconds. Saving...
45:M 31 Aug 2026 08:53:01.023 * Background saving started by pid 471
471:C 31 Aug 2026 08:53:01.027 * BGSAVE done, 8 keys saved, 0 keys skipped, 3694 bytes written.
471:C 31 Aug 2026 08:53:01.030 * DB saved on disk
471:C 31 Aug 2026 08:53:01.031 * Fork CoW for RDB: current 0 MB, peak 0 MB, average 0 MB
45:M 31 Aug 2026 08:53:01.131 * Background saving terminated with success
45:M 31 Aug 2026 09:16:17.326 * 100 changes in 300 seconds. Saving...
45:M 31 Aug 2026 09:16:17.334 * Background saving started by pid 472
472:C 31 Aug 2026 09:16:17.336 * BGSAVE done, 8 keys saved, 0 keys skipped, 3694 bytes written.
472:C 31 Aug 2026 09:16:17.339 * DB saved on disk
472:C 31 Aug 2026 09:16:17.339 * Fork CoW for RDB: current 0 MB, peak 0 MB, average 0 MB
45:M 31 Aug 2026 09:16:17.449 * Background saving terminated with success
45:M 31 Aug 2026 09:30:00.963 * 100 changes in 300 seconds. Saving...
45:M 31 Aug 2026 09:30:00.971 * Background saving started by pid 473
473:C 31 Aug 2026 09:30:00.973 * BGSAVE done, 8 keys saved, 0 keys skipped, 3694 bytes written.
473:C 31 Aug 2026 09:30:00.974 * DB saved on disk
473:C 31 Aug 2026 09:30:00.974 * Fork CoW for RDB: current 0 MB, peak 0 MB, average 0 MB
45:M 31 Aug 2026 09:30:01.086 * Background saving terminated with success
45:M 31 Aug 2026 09:43:31.002 * 100 changes in 300 seconds. Saving...
45:M 31 Aug 2026 09:43:31.010 * Background saving started by pid 474
474:C 31 Aug 2026 09:43:31.012 * BGSAVE done, 8 keys saved, 0 keys skipped, 3694 bytes written.
474:C 31 Aug 2026 09:43:31.014 * DB saved on disk
474:C 31 Aug 2026 09:43:31.015 * Fork CoW for RDB: current 0 MB, peak 0 MB, average 0 MB
45:M 31 Aug 2026 09:43:31.124 * Background saving terminated with success
45:M 31 Aug 2026 09:48:32.004 * 100 changes in 300 seconds. Saving...
45:M 31 Aug 2026 09:48:32.012 * Background saving started by pid 475
475:C 31 Aug 2026 09:48:32.014 * BGSAVE done, 8 keys saved, 0 keys skipped, 3694 bytes written.
475:C 31 Aug 2026 09:48:32.015 * DB saved on disk
475:C 31 Aug 2026 09:48:32.015 * Fork CoW for RDB: current 0 MB, peak 0 MB, average 0 MB
45:M 31 Aug 2026 09:48:32.113 * Background saving terminated with success
45:M 31 Aug 2026 10:11:00.917 * 100 changes in 300 seconds. Saving...
45:M 31 Aug 2026 10:11:00.927 * Background saving started by pid 476
476:C 31 Aug 2026 10:11:00.929 * BGSAVE done, 9 keys saved, 0 keys skipped, 3753 bytes written.
476:C 31 Aug 2026 10:11:00.931 * DB saved on disk
476:C 31 Aug 2026 10:11:00.931 * Fork CoW for RDB: current 0 MB, peak 0 MB, average 0 MB
45:M 31 Aug 2026 10:11:01.042 * Background saving terminated with success
45:M 31 Aug 2026 10:29:49.540 * 100 changes in 300 seconds. Saving...
45:M 31 Aug 2026 10:29:49.549 * Background saving started by pid 477
477:C 31 Aug 2026 10:29:49.551 * BGSAVE done, 10 keys saved, 0 keys skipped, 18105 bytes written.
477:C 31 Aug 2026 10:29:49.552 * DB saved on disk
477:C 31 Aug 2026 10:29:49.552 * Fork CoW for RDB: current 0 MB, peak 0 MB, average 0 MB
45:M 31 Aug 2026 10:29:49.664 * Background saving terminated with success
45:M 31 Aug 2026 10:44:00.996 * 100 changes in 300 seconds. Saving...
45:M 31 Aug 2026 10:44:01.001 * Background saving started by pid 478
478:C 31 Aug 2026 10:44:01.003 * BGSAVE done, 8 keys saved, 0 keys skipped, 3694 bytes written.
478:C 31 Aug 2026 10:44:01.004 * DB saved on disk
478:C 31 Aug 2026 10:44:01.004 * Fork CoW for RDB: current 0 MB, peak 0 MB, average 0 MB
45:M 31 Aug 2026 10:44:01.105 * Background saving terminated with success
45:M 31 Aug 2026 11:09:00.962 * 100 changes in 300 seconds. Saving...
45:M 31 Aug 2026 11:09:00.970 * Background saving started by pid 479
479:C 31 Aug 2026 11:09:00.972 * BGSAVE done, 8 keys saved, 0 keys skipped, 3694 bytes written.
479:C 31 Aug 2026 11:09:00.973 * DB saved on disk
479:C 31 Aug 2026 11:09:00.973 * Fork CoW for RDB: current 0 MB, peak 0 MB, average 0 MB
45:M 31 Aug 2026 11:09:01.072 * Background saving terminated with success
45:M 31 Aug 2026 11:33:30.940 * 100 changes in 300 seconds. Saving...
45:M 31 Aug 2026 11:33:30.948 * Background saving started by pid 480
480:C 31 Aug 2026 11:33:30.950 * BGSAVE done, 8 keys saved, 0 keys skipped, 3694 bytes written.
480:C 31 Aug 2026 11:33:30.951 * DB saved on disk
480:C 31 Aug 2026 11:33:30.951 * Fork CoW for RDB: current 0 MB, peak 0 MB, average 0 MB
45:M 31 Aug 2026 11:33:31.051 * Background saving terminated with success
45:M 31 Aug 2026 11:58:30.959 * 100 changes in 300 seconds. Saving...
45:M 31 Aug 2026 11:58:30.971 * Background saving started by pid 481
481:C 31 Aug 2026 11:58:30.973 * BGSAVE done, 8 keys saved, 0 keys skipped, 3694 bytes written.
481:C 31 Aug 2026 11:58:30.974 * DB saved on disk
481:C 31 Aug 2026 11:58:30.974 * Fork CoW for RDB: current 0 MB, peak 0 MB, average 0 MB
45:M 31 Aug 2026 11:58:31.083 * Background saving terminated with success
45:M 31 Aug 2026 12:23:30.988 * 100 changes in 300 seconds. Saving...
45:M 31 Aug 2026 12:23:31.002 * Background saving started by pid 482
482:C 31 Aug 2026 12:23:31.004 * BGSAVE done, 8 keys saved, 0 keys skipped, 3694 bytes written.
482:C 31 Aug 2026 12:23:31.005 * DB saved on disk
482:C 31 Aug 2026 12:23:31.005 * Fork CoW for RDB: current 0 MB, peak 0 MB, average 0 MB
45:M 31 Aug 2026 12:23:31.113 * Background saving terminated with success
45:M 31 Aug 2026 12:44:28.978 * 100 changes in 300 seconds. Saving...
45:M 31 Aug 2026 12:44:28.986 * Background saving started by pid 483
483:C 31 Aug 2026 12:44:28.989 * BGSAVE done, 10 keys saved, 0 keys skipped, 5565 bytes written.
483:C 31 Aug 2026 12:44:28.990 * DB saved on disk
483:C 31 Aug 2026 12:44:28.990 * Fork CoW for RDB: current 0 MB, peak 0 MB, average 0 MB
45:M 31 Aug 2026 12:44:29.087 * Background saving terminated with success
45:M 31 Aug 2026 12:49:30.006 * 100 changes in 300 seconds. Saving...
45:M 31 Aug 2026 12:49:30.011 * Background saving started by pid 484
484:C 31 Aug 2026 12:49:30.012 * BGSAVE done, 10 keys saved, 0 keys skipped, 5802 bytes written.
484:C 31 Aug 2026 12:49:30.015 * DB saved on disk
484:C 31 Aug 2026 12:49:30.016 * Fork CoW for RDB: current 0 MB, peak 0 MB, average 0 MB
45:M 31 Aug 2026 12:49:30.115 * Background saving terminated with success
45:M 31 Aug 2026 13:11:01.016 * 100 changes in 300 seconds. Saving...
45:M 31 Aug 2026 13:11:01.025 * Background saving started by pid 485
485:C 31 Aug 2026 13:11:01.027 * BGSAVE done, 8 keys saved, 0 keys skipped, 3694 bytes written.
485:C 31 Aug 2026 13:11:01.030 * DB saved on disk
485:C 31 Aug 2026 13:11:01.030 * Fork CoW for RDB: current 0 MB, peak 0 MB, average 0 MB
45:M 31 Aug 2026 13:11:01.139 * Background saving terminated with success
45:M 31 Aug 2026 13:27:49.983 * 100 changes in 300 seconds. Saving...
45:M 31 Aug 2026 13:27:49.992 * Background saving started by pid 486
486:C 31 Aug 2026 13:27:49.994 * BGSAVE done, 8 keys saved, 0 keys skipped, 3694 bytes written.
486:C 31 Aug 2026 13:27:49.995 * DB saved on disk
486:C 31 Aug 2026 13:27:49.995 * Fork CoW for RDB: current 0 MB, peak 0 MB, average 0 MB
45:M 31 Aug 2026 13:27:50.106 * Background saving terminated with success
45:M 31 Aug 2026 13:37:30.999 * 100 changes in 300 seconds. Saving...
45:M 31 Aug 2026 13:37:31.013 * Background saving started by pid 487
487:C 31 Aug 2026 13:37:31.015 * BGSAVE done, 8 keys saved, 0 keys skipped, 3694 bytes written.
487:C 31 Aug 2026 13:37:31.016 * DB saved on disk
487:C 31 Aug 2026 13:37:31.016 * Fork CoW for RDB: current 0 MB, peak 0 MB, average 0 MB
45:M 31 Aug 2026 13:37:31.125 * Background saving terminated with success
45:M 31 Aug 2026 13:42:32.049 * 100 changes in 300 seconds. Saving...
45:M 31 Aug 2026 13:42:32.057 * Background saving started by pid 488
488:C 31 Aug 2026 13:42:32.059 * BGSAVE done, 10 keys saved, 0 keys skipped, 22569 bytes written.
488:C 31 Aug 2026 13:42:32.062 * DB saved on disk
488:C 31 Aug 2026 13:42:32.062 * Fork CoW for RDB: current 0 MB, peak 0 MB, average 0 MB
45:M 31 Aug 2026 13:42:32.157 * Background saving terminated with success
45:M 31 Aug 2026 13:57:46.458 * 100 changes in 300 seconds. Saving...
45:M 31 Aug 2026 13:57:46.464 * Background saving started by pid 489
489:C 31 Aug 2026 13:57:46.466 * BGSAVE done, 10 keys saved, 0 keys skipped, 5712 bytes written.
489:C 31 Aug 2026 13:57:46.467 * DB saved on disk
489:C 31 Aug 2026 13:57:46.467 * Fork CoW for RDB: current 0 MB, peak 0 MB, average 0 MB
45:M 31 Aug 2026 13:57:46.565 * Background saving terminated with success
45:M 31 Aug 2026 14:09:39.384 * 100 changes in 300 seconds. Saving...
45:M 31 Aug 2026 14:09:39.390 * Background saving started by pid 490
490:C 31 Aug 2026 14:09:39.392 * BGSAVE done, 10 keys saved, 0 keys skipped, 13123 bytes written.
490:C 31 Aug 2026 14:09:39.393 * DB saved on disk
490:C 31 Aug 2026 14:09:39.393 * Fork CoW for RDB: current 0 MB, peak 0 MB, average 0 MB
45:M 31 Aug 2026 14:09:39.493 * Background saving terminated with success
45:M 31 Aug 2026 14:31:00.970 * 100 changes in 300 seconds. Saving...
45:M 31 Aug 2026 14:31:00.978 * Background saving started by pid 491
491:C 31 Aug 2026 14:31:00.980 * BGSAVE done, 8 keys saved, 0 keys skipped, 3694 bytes written.
491:C 31 Aug 2026 14:31:00.981 * DB saved on disk
491:C 31 Aug 2026 14:31:00.982 * Fork CoW for RDB: current 0 MB, peak 0 MB, average 0 MB
45:M 31 Aug 2026 14:31:01.093 * Background saving terminated with success
45:M 31 Aug 2026 14:43:21.504 * 100 changes in 300 seconds. Saving...
45:M 31 Aug 2026 14:43:21.517 * Background saving started by pid 495
495:C 31 Aug 2026 14:43:21.519 * BGSAVE done, 10 keys saved, 0 keys skipped, 6138 bytes written.
495:C 31 Aug 2026 14:43:21.520 * DB saved on disk
495:C 31 Aug 2026 14:43:21.520 * Fork CoW for RDB: current 0 MB, peak 0 MB, average 0 MB
45:M 31 Aug 2026 14:43:21.627 * Background saving terminated with success
45:M 31 Aug 2026 14:48:22.001 * 100 changes in 300 seconds. Saving...
45:M 31 Aug 2026 14:48:22.011 * Background saving started by pid 496
496:C 31 Aug 2026 14:48:22.014 * BGSAVE done, 10 keys saved, 0 keys skipped, 15043 bytes written.
496:C 31 Aug 2026 14:48:22.018 * DB saved on disk
496:C 31 Aug 2026 14:48:22.018 * Fork CoW for RDB: current 0 MB, peak 0 MB, average 0 MB
45:M 31 Aug 2026 14:48:22.126 * Background saving terminated with success
45:M 31 Aug 2026 15:11:00.972 * 100 changes in 300 seconds. Saving...
45:M 31 Aug 2026 15:11:00.980 * Background saving started by pid 499
499:C 31 Aug 2026 15:11:00.982 * BGSAVE done, 8 keys saved, 0 keys skipped, 3694 bytes written.
499:C 31 Aug 2026 15:11:00.983 * DB saved on disk
499:C 31 Aug 2026 15:11:00.983 * Fork CoW for RDB: current 0 MB, peak 0 MB, average 0 MB
45:M 31 Aug 2026 15:11:01.095 * Background saving terminated with success
45:M 31 Aug 2026 15:34:30.950 * 100 changes in 300 seconds. Saving...
45:M 31 Aug 2026 15:34:30.956 * Background saving started by pid 501
501:C 31 Aug 2026 15:34:30.958 * BGSAVE done, 8 keys saved, 0 keys skipped, 3694 bytes written.
501:C 31 Aug 2026 15:34:30.959 * DB saved on disk
501:C 31 Aug 2026 15:34:30.959 * Fork CoW for RDB: current 0 MB, peak 0 MB, average 0 MB
45:M 31 Aug 2026 15:34:31.058 * Background saving terminated with success
45:M 31 Aug 2026 15:59:01.032 * 100 changes in 300 seconds. Saving...
45:M 31 Aug 2026 15:59:01.041 * Background saving started by pid 504
504:C 31 Aug 2026 15:59:01.043 * BGSAVE done, 8 keys saved, 0 keys skipped, 3694 bytes written.
504:C 31 Aug 2026 15:59:01.046 * DB saved on disk
504:C 31 Aug 2026 15:59:01.046 * Fork CoW for RDB: current 0 MB, peak 0 MB, average 0 MB
45:M 31 Aug 2026 15:59:01.156 * Background saving terminated with success
45:M 31 Aug 2026 16:23:30.981 * 100 changes in 300 seconds. Saving...
45:M 31 Aug 2026 16:23:30.988 * Background saving started by pid 506
506:C 31 Aug 2026 16:23:30.990 * BGSAVE done, 8 keys saved, 0 keys skipped, 3694 bytes written.
506:C 31 Aug 2026 16:23:30.991 * DB saved on disk
506:C 31 Aug 2026 16:23:30.991 * Fork CoW for RDB: current 0 MB, peak 0 MB, average 0 MB
45:M 31 Aug 2026 16:23:31.089 * Background saving terminated with success
45:M 31 Aug 2026 16:47:30.936 * 100 changes in 300 seconds. Saving...
45:M 31 Aug 2026 16:47:30.962 * Background saving started by pid 509
509:C 31 Aug 2026 16:47:30.965 * BGSAVE done, 8 keys saved, 0 keys skipped, 3694 bytes written.
509:C 31 Aug 2026 16:47:30.966 * DB saved on disk
509:C 31 Aug 2026 16:47:30.966 * Fork CoW for RDB: current 0 MB, peak 0 MB, average 0 MB
45:M 31 Aug 2026 16:47:31.077 * Background saving terminated with success
45:M 31 Aug 2026 17:12:31.026 * 100 changes in 300 seconds. Saving...
45:M 31 Aug 2026 17:12:31.042 * Background saving started by pid 512
512:C 31 Aug 2026 17:12:31.045 * BGSAVE done, 8 keys saved, 0 keys skipped, 3694 bytes written.
512:C 31 Aug 2026 17:12:31.048 * DB saved on disk
512:C 31 Aug 2026 17:12:31.048 * Fork CoW for RDB: current 0 MB, peak 0 MB, average 0 MB
45:M 31 Aug 2026 17:12:31.153 * Background saving terminated with success
45:M 31 Aug 2026 17:37:01.025 * 100 changes in 300 seconds. Saving...
45:M 31 Aug 2026 17:37:01.042 * Background saving started by pid 514
514:C 31 Aug 2026 17:37:01.045 * BGSAVE done, 8 keys saved, 0 keys skipped, 3694 bytes written.
514:C 31 Aug 2026 17:37:01.048 * DB saved on disk
514:C 31 Aug 2026 17:37:01.049 * Fork CoW for RDB: current 0 MB, peak 0 MB, average 0 MB
45:M 31 Aug 2026 17:37:01.149 * Background saving terminated with success
45:M 31 Aug 2026 18:02:00.980 * 100 changes in 300 seconds. Saving...
45:M 31 Aug 2026 18:02:00.990 * Background saving started by pid 517
517:C 31 Aug 2026 18:02:00.992 * BGSAVE done, 8 keys saved, 0 keys skipped, 3694 bytes written.
517:C 31 Aug 2026 18:02:00.993 * DB saved on disk
517:C 31 Aug 2026 18:02:00.993 * Fork CoW for RDB: current 0 MB, peak 0 MB, average 0 MB
45:M 31 Aug 2026 18:02:01.104 * Background saving terminated with success
45:M 31 Aug 2026 18:26:31.018 * 100 changes in 300 seconds. Saving...
45:M 31 Aug 2026 18:26:31.025 * Background saving started by pid 520
520:C 31 Aug 2026 18:26:31.027 * BGSAVE done, 8 keys saved, 0 keys skipped, 3694 bytes written.
520:C 31 Aug 2026 18:26:31.030 * DB saved on disk
520:C 31 Aug 2026 18:26:31.030 * Fork CoW for RDB: current 0 MB, peak 0 MB, average 0 MB
45:M 31 Aug 2026 18:26:31.129 * Background saving terminated with success
45:M 31 Aug 2026 18:51:30.953 * 100 changes in 300 seconds. Saving...
45:M 31 Aug 2026 18:51:30.961 * Background saving started by pid 522
522:C 31 Aug 2026 18:51:30.963 * BGSAVE done, 8 keys saved, 0 keys skipped, 3694 bytes written.
522:C 31 Aug 2026 18:51:30.964 * DB saved on disk
522:C 31 Aug 2026 18:51:30.964 * Fork CoW for RDB: current 0 MB, peak 0 MB, average 0 MB
45:M 31 Aug 2026 18:51:31.063 * Background saving terminated with success
45:M 31 Aug 2026 19:16:31.010 * 100 changes in 300 seconds. Saving...
45:M 31 Aug 2026 19:16:31.018 * Background saving started by pid 525
525:C 31 Aug 2026 19:16:31.019 * BGSAVE done, 8 keys saved, 0 keys skipped, 3694 bytes written.
525:C 31 Aug 2026 19:16:31.021 * DB saved on disk
525:C 31 Aug 2026 19:16:31.021 * Fork CoW for RDB: current 0 MB, peak 0 MB, average 0 MB
45:M 31 Aug 2026 19:16:31.133 * Background saving terminated with success
45:M 31 Aug 2026 19:41:00.981 * 100 changes in 300 seconds. Saving...
45:M 31 Aug 2026 19:41:00.989 * Background saving started by pid 527
527:C 31 Aug 2026 19:41:00.991 * BGSAVE done, 8 keys saved, 0 keys skipped, 3694 bytes written.
527:C 31 Aug 2026 19:41:00.992 * DB saved on disk
527:C 31 Aug 2026 19:41:00.992 * Fork CoW for RDB: current 0 MB, peak 0 MB, average 0 MB
45:M 31 Aug 2026 19:41:01.092 * Background saving terminated with success
45:M 31 Aug 2026 20:06:00.968 * 100 changes in 300 seconds. Saving...
45:M 31 Aug 2026 20:06:00.976 * Background saving started by pid 530
530:C 31 Aug 2026 20:06:00.978 * BGSAVE done, 8 keys saved, 0 keys skipped, 3694 bytes written.
530:C 31 Aug 2026 20:06:00.979 * DB saved on disk
530:C 31 Aug 2026 20:06:00.979 * Fork CoW for RDB: current 0 MB, peak 0 MB, average 0 MB
45:M 31 Aug 2026 20:06:01.079 * Background saving terminated with success
45:M 31 Aug 2026 20:30:30.952 * 100 changes in 300 seconds. Saving...
45:M 31 Aug 2026 20:30:30.961 * Background saving started by pid 533
533:C 31 Aug 2026 20:30:30.963 * BGSAVE done, 8 keys saved, 0 keys skipped, 3694 bytes written.
533:C 31 Aug 2026 20:30:30.964 * DB saved on disk
533:C 31 Aug 2026 20:30:30.964 * Fork CoW for RDB: current 0 MB, peak 0 MB, average 0 MB
45:M 31 Aug 2026 20:30:31.062 * Background saving terminated with success
45:M 31 Aug 2026 20:55:30.990 * 100 changes in 300 seconds. Saving...
45:M 31 Aug 2026 20:55:30.999 * Background saving started by pid 535
535:C 31 Aug 2026 20:55:31.001 * BGSAVE done, 8 keys saved, 0 keys skipped, 3694 bytes written.
535:C 31 Aug 2026 20:55:31.002 * DB saved on disk
535:C 31 Aug 2026 20:55:31.002 * Fork CoW for RDB: current 0 MB, peak 0 MB, average 0 MB
45:M 31 Aug 2026 20:55:31.100 * Background saving terminated with success
45:M 31 Aug 2026 21:20:31.004 * 100 changes in 300 seconds. Saving...
45:M 31 Aug 2026 21:20:31.009 * Background saving started by pid 538
538:C 31 Aug 2026 21:20:31.011 * BGSAVE done, 8 keys saved, 0 keys skipped, 3694 bytes written.
538:C 31 Aug 2026 21:20:31.012 * DB saved on disk
538:C 31 Aug 2026 21:20:31.013 * Fork CoW for RDB: current 0 MB, peak 0 MB, average 0 MB
45:M 31 Aug 2026 21:20:31.116 * Background saving terminated with success
45:M 31 Aug 2026 21:45:01.010 * 100 changes in 300 seconds. Saving...
45:M 31 Aug 2026 21:45:01.018 * Background saving started by pid 541
541:C 31 Aug 2026 21:45:01.020 * BGSAVE done, 8 keys saved, 0 keys skipped, 3694 bytes written.
541:C 31 Aug 2026 21:45:01.021 * DB saved on disk
541:C 31 Aug 2026 21:45:01.021 * Fork CoW for RDB: current 0 MB, peak 0 MB, average 0 MB
45:M 31 Aug 2026 21:45:01.120 * Background saving terminated with success
45:M 31 Aug 2026 22:10:01.005 * 100 changes in 300 seconds. Saving...
45:M 31 Aug 2026 22:10:01.018 * Background saving started by pid 543
543:C 31 Aug 2026 22:10:01.021 * BGSAVE done, 8 keys saved, 0 keys skipped, 3694 bytes written.
543:C 31 Aug 2026 22:10:01.022 * DB saved on disk
543:C 31 Aug 2026 22:10:01.022 * Fork CoW for RDB: current 0 MB, peak 0 MB, average 0 MB
45:M 31 Aug 2026 22:10:01.130 * Background saving terminated with success
45:M 31 Aug 2026 22:28:54.816 * 100 changes in 300 seconds. Saving...
45:M 31 Aug 2026 22:28:54.824 * Background saving started by pid 546
546:C 31 Aug 2026 22:28:54.826 * BGSAVE done, 10 keys saved, 0 keys skipped, 16192 bytes written.
546:C 31 Aug 2026 22:28:54.828 * DB saved on disk
546:C 31 Aug 2026 22:28:54.829 * Fork CoW for RDB: current 0 MB, peak 0 MB, average 0 MB
45:M 31 Aug 2026 22:28:54.938 * Background saving terminated with success
45:M 31 Aug 2026 22:47:30.937 * 100 changes in 300 seconds. Saving...
45:M 31 Aug 2026 22:47:30.946 * Background saving started by pid 548
548:C 31 Aug 2026 22:47:30.948 * BGSAVE done, 8 keys saved, 0 keys skipped, 3694 bytes written.
548:C 31 Aug 2026 22:47:30.948 * DB saved on disk
548:C 31 Aug 2026 22:47:30.949 * Fork CoW for RDB: current 0 MB, peak 0 MB, average 0 MB
45:M 31 Aug 2026 22:47:31.046 * Background saving terminated with success
45:M 31 Aug 2026 23:01:43.614 * 100 changes in 300 seconds. Saving...
45:M 31 Aug 2026 23:01:43.621 * Background saving started by pid 550
550:C 31 Aug 2026 23:01:43.623 * BGSAVE done, 12 keys saved, 0 keys skipped, 28215 bytes written.
550:C 31 Aug 2026 23:01:43.624 * DB saved on disk
550:C 31 Aug 2026 23:01:43.624 * Fork CoW for RDB: current 0 MB, peak 0 MB, average 0 MB
45:M 31 Aug 2026 23:01:43.726 * Background saving terminated with success
45:M 31 Aug 2026 23:14:00.955 * 100 changes in 300 seconds. Saving...
45:M 31 Aug 2026 23:14:00.968 * Background saving started by pid 552
552:C 31 Aug 2026 23:14:00.970 * BGSAVE done, 8 keys saved, 0 keys skipped, 3694 bytes written.
552:C 31 Aug 2026 23:14:00.971 * DB saved on disk
552:C 31 Aug 2026 23:14:00.971 * Fork CoW for RDB: current 0 MB, peak 0 MB, average 0 MB
45:M 31 Aug 2026 23:14:01.078 * Background saving terminated with success
45:M 31 Aug 2026 23:36:00.998 * 100 changes in 300 seconds. Saving...
45:M 31 Aug 2026 23:36:01.007 * Background saving started by pid 554
554:C 31 Aug 2026 23:36:01.009 * BGSAVE done, 10 keys saved, 0 keys skipped, 20273 bytes written.
554:C 31 Aug 2026 23:36:01.010 * DB saved on disk
554:C 31 Aug 2026 23:36:01.011 * Fork CoW for RDB: current 0 MB, peak 0 MB, average 0 MB
45:M 31 Aug 2026 23:36:01.109 * Background saving terminated with success
45:M 31 Aug 2026 23:56:08.272 * 100 changes in 300 seconds. Saving...
45:M 31 Aug 2026 23:56:08.277 * Background saving started by pid 556
556:C 31 Aug 2026 23:56:08.279 * BGSAVE done, 10 keys saved, 0 keys skipped, 16165 bytes written.
556:C 31 Aug 2026 23:56:08.280 * DB saved on disk
556:C 31 Aug 2026 23:56:08.280 * Fork CoW for RDB: current 0 MB, peak 0 MB, average 0 MB
45:M 31 Aug 2026 23:56:08.383 * Background saving terminated with success
45:M 01 Sep 2026 00:17:01.017 * 100 changes in 300 seconds. Saving...
45:M 01 Sep 2026 00:17:01.022 * Background saving started by pid 559
559:C 01 Sep 2026 00:17:01.023 * BGSAVE done, 8 keys saved, 0 keys skipped, 3694 bytes written.
559:C 01 Sep 2026 00:17:01.027 * DB saved on disk
559:C 01 Sep 2026 00:17:01.027 * Fork CoW for RDB: current 0 MB, peak 0 MB, average 0 MB
45:M 01 Sep 2026 00:17:01.128 * Background saving terminated with success
45:M 01 Sep 2026 00:41:30.941 * 100 changes in 300 seconds. Saving...
45:M 01 Sep 2026 00:41:30.962 * Background saving started by pid 561
561:C 01 Sep 2026 00:41:30.967 * BGSAVE done, 8 keys saved, 0 keys skipped, 3694 bytes written.
561:C 01 Sep 2026 00:41:30.968 * DB saved on disk
561:C 01 Sep 2026 00:41:30.969 * Fork CoW for RDB: current 0 MB, peak 0 MB, average 0 MB
45:M 01 Sep 2026 00:41:31.067 * Background saving terminated with success
45:M 01 Sep 2026 01:06:31.005 * 100 changes in 300 seconds. Saving...
45:M 01 Sep 2026 01:06:31.025 * Background saving started by pid 564
564:C 01 Sep 2026 01:06:31.029 * BGSAVE done, 8 keys saved, 0 keys skipped, 3694 bytes written.
564:C 01 Sep 2026 01:06:31.032 * DB saved on disk
564:C 01 Sep 2026 01:06:31.033 * Fork CoW for RDB: current 0 MB, peak 0 MB, average 0 MB
45:M 01 Sep 2026 01:06:31.133 * Background saving terminated with success
45:M 01 Sep 2026 01:31:00.995 * 100 changes in 300 seconds. Saving...
45:M 01 Sep 2026 01:31:01.007 * Background saving started by pid 567
567:C 01 Sep 2026 01:31:01.010 * BGSAVE done, 8 keys saved, 0 keys skipped, 3694 bytes written.
567:C 01 Sep 2026 01:31:01.012 * DB saved on disk
567:C 01 Sep 2026 01:31:01.012 * Fork CoW for RDB: current 0 MB, peak 0 MB, average 0 MB
45:M 01 Sep 2026 01:31:01.121 * Background saving terminated with success
45:M 01 Sep 2026 01:56:01.033 * 100 changes in 300 seconds. Saving...
45:M 01 Sep 2026 01:56:01.052 * Background saving started by pid 569
569:C 01 Sep 2026 01:56:01.055 * BGSAVE done, 8 keys saved, 0 keys skipped, 3694 bytes written.
569:C 01 Sep 2026 01:56:01.059 * DB saved on disk
569:C 01 Sep 2026 01:56:01.059 * Fork CoW for RDB: current 0 MB, peak 0 MB, average 0 MB
45:M 01 Sep 2026 01:56:01.163 * Background saving terminated with success
45:M 01 Sep 2026 02:21:00.965 * 100 changes in 300 seconds. Saving...
45:M 01 Sep 2026 02:21:00.985 * Background saving started by pid 572
572:C 01 Sep 2026 02:21:00.989 * BGSAVE done, 8 keys saved, 0 keys skipped, 3694 bytes written.
572:C 01 Sep 2026 02:21:00.990 * DB saved on disk
572:C 01 Sep 2026 02:21:00.991 * Fork CoW for RDB: current 0 MB, peak 0 MB, average 0 MB
45:M 01 Sep 2026 02:21:01.089 * Background saving terminated with success
45:M 01 Sep 2026 02:45:30.948 * 100 changes in 300 seconds. Saving...
45:M 01 Sep 2026 02:45:30.967 * Background saving started by pid 575
575:C 01 Sep 2026 02:45:30.972 * BGSAVE done, 8 keys saved, 0 keys skipped, 3694 bytes written.
575:C 01 Sep 2026 02:45:30.973 * DB saved on disk
575:C 01 Sep 2026 02:45:30.974 * Fork CoW for RDB: current 0 MB, peak 0 MB, average 0 MB
45:M 01 Sep 2026 02:45:31.073 * Background saving terminated with success
45:M 01 Sep 2026 03:10:30.999 * 100 changes in 300 seconds. Saving...
45:M 01 Sep 2026 03:10:31.017 * Background saving started by pid 577
577:C 01 Sep 2026 03:10:31.023 * BGSAVE done, 8 keys saved, 0 keys skipped, 3694 bytes written.
577:C 01 Sep 2026 03:10:31.026 * DB saved on disk
577:C 01 Sep 2026 03:10:31.026 * Fork CoW for RDB: current 0 MB, peak 0 MB, average 0 MB
45:M 01 Sep 2026 03:10:31.126 * Background saving terminated with success
45:M 01 Sep 2026 03:35:00.966 * 100 changes in 300 seconds. Saving...
45:M 01 Sep 2026 03:35:00.977 * Background saving started by pid 580
580:C 01 Sep 2026 03:35:00.980 * BGSAVE done, 8 keys saved, 0 keys skipped, 3694 bytes written.
580:C 01 Sep 2026 03:35:00.981 * DB saved on disk
580:C 01 Sep 2026 03:35:00.981 * Fork CoW for RDB: current 0 MB, peak 0 MB, average 0 MB
45:M 01 Sep 2026 03:35:01.093 * Background saving terminated with success
45:M 01 Sep 2026 04:00:00.946 * 100 changes in 300 seconds. Saving...
45:M 01 Sep 2026 04:00:00.959 * Background saving started by pid 583
583:C 01 Sep 2026 04:00:00.961 * BGSAVE done, 8 keys saved, 0 keys skipped, 3694 bytes written.
583:C 01 Sep 2026 04:00:00.962 * DB saved on disk
583:C 01 Sep 2026 04:00:00.962 * Fork CoW for RDB: current 0 MB, peak 0 MB, average 0 MB
45:M 01 Sep 2026 04:00:01.072 * Background saving terminated with success
45:M 01 Sep 2026 04:25:01.007 * 100 changes in 300 seconds. Saving...
45:M 01 Sep 2026 04:25:01.027 * Background saving started by pid 585
585:C 01 Sep 2026 04:25:01.034 * BGSAVE done, 8 keys saved, 0 keys skipped, 3694 bytes written.
585:C 01 Sep 2026 04:25:01.038 * DB saved on disk
585:C 01 Sep 2026 04:25:01.038 * Fork CoW for RDB: current 0 MB, peak 0 MB, average 0 MB
45:M 01 Sep 2026 04:25:01.132 * Background saving terminated with success
45:M 01 Sep 2026 04:49:31.019 * 100 changes in 300 seconds. Saving...
45:M 01 Sep 2026 04:49:31.041 * Background saving started by pid 588
588:C 01 Sep 2026 04:49:31.048 * BGSAVE done, 8 keys saved, 0 keys skipped, 3694 bytes written.
588:C 01 Sep 2026 04:49:31.050 * DB saved on disk
588:C 01 Sep 2026 04:49:31.050 * Fork CoW for RDB: current 0 MB, peak 0 MB, average 0 MB
45:M 01 Sep 2026 04:49:31.145 * Background saving terminated with success
45:M 01 Sep 2026 05:14:30.933 * 100 changes in 300 seconds. Saving...
45:M 01 Sep 2026 05:14:30.945 * Background saving started by pid 591
591:C 01 Sep 2026 05:14:30.947 * BGSAVE done, 8 keys saved, 0 keys skipped, 3694 bytes written.
591:C 01 Sep 2026 05:14:30.948 * DB saved on disk
591:C 01 Sep 2026 05:14:30.948 * Fork CoW for RDB: current 0 MB, peak 0 MB, average 0 MB
45:M 01 Sep 2026 05:14:31.059 * Background saving terminated with success
45:M 01 Sep 2026 05:39:00.986 * 100 changes in 300 seconds. Saving...
45:M 01 Sep 2026 05:39:01.008 * Background saving started by pid 593
593:C 01 Sep 2026 05:39:01.016 * BGSAVE done, 8 keys saved, 0 keys skipped, 3694 bytes written.
593:C 01 Sep 2026 05:39:01.017 * DB saved on disk
593:C 01 Sep 2026 05:39:01.017 * Fork CoW for RDB: current 0 MB, peak 0 MB, average 0 MB
45:M 01 Sep 2026 05:39:01.114 * Background saving terminated with success
45:M 01 Sep 2026 06:04:01.021 * 100 changes in 300 seconds. Saving...
45:M 01 Sep 2026 06:04:01.034 * Background saving started by pid 596
596:C 01 Sep 2026 06:04:01.035 * BGSAVE done, 8 keys saved, 0 keys skipped, 3694 bytes written.
596:C 01 Sep 2026 06:04:01.038 * DB saved on disk
596:C 01 Sep 2026 06:04:01.038 * Fork CoW for RDB: current 0 MB, peak 0 MB, average 0 MB
45:M 01 Sep 2026 06:04:01.149 * Background saving terminated with success
45:M 01 Sep 2026 06:28:30.997 * 100 changes in 300 seconds. Saving...
45:M 01 Sep 2026 06:28:31.007 * Background saving started by pid 599
599:C 01 Sep 2026 06:28:31.009 * BGSAVE done, 8 keys saved, 0 keys skipped, 3694 bytes written.
599:C 01 Sep 2026 06:28:31.010 * DB saved on disk
599:C 01 Sep 2026 06:28:31.010 * Fork CoW for RDB: current 0 MB, peak 0 MB, average 0 MB
45:M 01 Sep 2026 06:28:31.109 * Background saving terminated with success
45:M 01 Sep 2026 06:53:30.977 * 100 changes in 300 seconds. Saving...
45:M 01 Sep 2026 06:53:30.999 * Background saving started by pid 601
601:C 01 Sep 2026 06:53:31.006 * BGSAVE done, 8 keys saved, 0 keys skipped, 3694 bytes written.
601:C 01 Sep 2026 06:53:31.008 * DB saved on disk
601:C 01 Sep 2026 06:53:31.008 * Fork CoW for RDB: current 0 MB, peak 0 MB, average 0 MB
45:M 01 Sep 2026 06:53:31.103 * Background saving terminated with success
45:M 01 Sep 2026 07:18:30.937 * 100 changes in 300 seconds. Saving...
45:M 01 Sep 2026 07:18:30.958 * Background saving started by pid 604
604:C 01 Sep 2026 07:18:30.963 * BGSAVE done, 8 keys saved, 0 keys skipped, 3694 bytes written.
604:C 01 Sep 2026 07:18:30.965 * DB saved on disk
604:C 01 Sep 2026 07:18:30.965 * Fork CoW for RDB: current 0 MB, peak 0 MB, average 0 MB
45:M 01 Sep 2026 07:18:31.064 * Background saving terminated with success
45:M 01 Sep 2026 07:43:00.964 * 100 changes in 300 seconds. Saving...
45:M 01 Sep 2026 07:43:00.976 * Background saving started by pid 607
607:C 01 Sep 2026 07:43:00.980 * BGSAVE done, 8 keys saved, 0 keys skipped, 3694 bytes written.
607:C 01 Sep 2026 07:43:00.982 * DB saved on disk
607:C 01 Sep 2026 07:43:00.982 * Fork CoW for RDB: current 0 MB, peak 0 MB, average 0 MB
45:M 01 Sep 2026 07:43:01.089 * Background saving terminated with success
45:M 01 Sep 2026 08:08:00.964 * 100 changes in 300 seconds. Saving...
45:M 01 Sep 2026 08:08:00.970 * Background saving started by pid 609
609:C 01 Sep 2026 08:08:00.973 * BGSAVE done, 8 keys saved, 0 keys skipped, 3694 bytes written.
609:C 01 Sep 2026 08:08:00.974 * DB saved on disk
609:C 01 Sep 2026 08:08:00.975 * Fork CoW for RDB: current 0 MB, peak 0 MB, average 0 MB
45:M 01 Sep 2026 08:08:01.074 * Background saving terminated with success
45:M 01 Sep 2026 08:32:30.978 * 100 changes in 300 seconds. Saving...
45:M 01 Sep 2026 08:32:31.000 * Background saving started by pid 612
612:C 01 Sep 2026 08:32:31.005 * BGSAVE done, 8 keys saved, 0 keys skipped, 3694 bytes written.
612:C 01 Sep 2026 08:32:31.007 * DB saved on disk
612:C 01 Sep 2026 08:32:31.007 * Fork CoW for RDB: current 0 MB, peak 0 MB, average 0 MB
45:M 01 Sep 2026 08:32:31.104 * Background saving terminated with success
45:M 01 Sep 2026 08:52:40.358 * 100 changes in 300 seconds. Saving...
45:M 01 Sep 2026 08:52:40.363 * Background saving started by pid 614
614:C 01 Sep 2026 08:52:40.365 * BGSAVE done, 10 keys saved, 0 keys skipped, 5465 bytes written.
614:C 01 Sep 2026 08:52:40.366 * DB saved on disk
614:C 01 Sep 2026 08:52:40.366 * Fork CoW for RDB: current 0 MB, peak 0 MB, average 0 MB
45:M 01 Sep 2026 08:52:40.466 * Background saving terminated with success
45:M 01 Sep 2026 09:04:57.533 * 100 changes in 300 seconds. Saving...
45:M 01 Sep 2026 09:04:57.541 * Background saving started by pid 616
616:C 01 Sep 2026 09:04:57.543 * BGSAVE done, 10 keys saved, 0 keys skipped, 5279 bytes written.
616:C 01 Sep 2026 09:04:57.544 * DB saved on disk
616:C 01 Sep 2026 09:04:57.544 * Fork CoW for RDB: current 0 MB, peak 0 MB, average 0 MB
45:M 01 Sep 2026 09:04:57.644 * Background saving terminated with success
45:M 01 Sep 2026 09:12:30.956 * 100 changes in 300 seconds. Saving...
45:M 01 Sep 2026 09:12:30.961 * Background saving started by pid 618
618:C 01 Sep 2026 09:12:30.963 * BGSAVE done, 8 keys saved, 0 keys skipped, 3694 bytes written.
618:C 01 Sep 2026 09:12:30.964 * DB saved on disk
618:C 01 Sep 2026 09:12:30.964 * Fork CoW for RDB: current 0 MB, peak 0 MB, average 0 MB
45:M 01 Sep 2026 09:12:31.063 * Background saving terminated with success
45:M 01 Sep 2026 09:33:42.494 * 100 changes in 300 seconds. Saving...
45:M 01 Sep 2026 09:33:42.499 * Background saving started by pid 620
620:C 01 Sep 2026 09:33:42.501 * BGSAVE done, 10 keys saved, 0 keys skipped, 5572 bytes written.
620:C 01 Sep 2026 09:33:42.502 * DB saved on disk
620:C 01 Sep 2026 09:33:42.502 * Fork CoW for RDB: current 0 MB, peak 0 MB, average 0 MB
45:M 01 Sep 2026 09:33:42.603 * Background saving terminated with success
45:M 01 Sep 2026 09:38:47.894 * 100 changes in 300 seconds. Saving...
45:M 01 Sep 2026 09:38:47.899 * Background saving started by pid 621
621:C 01 Sep 2026 09:38:47.901 * BGSAVE done, 10 keys saved, 0 keys skipped, 15755 bytes written.
621:C 01 Sep 2026 09:38:47.902 * DB saved on disk
621:C 01 Sep 2026 09:38:47.902 * Fork CoW for RDB: current 0 MB, peak 0 MB, average 0 MB
45:M 01 Sep 2026 09:38:48.005 * Background saving terminated with success
45:M 01 Sep 2026 09:50:17.871 * 100 changes in 300 seconds. Saving...
45:M 01 Sep 2026 09:50:17.879 * Background saving started by pid 623
623:C 01 Sep 2026 09:50:17.881 * BGSAVE done, 8 keys saved, 0 keys skipped, 3694 bytes written.
623:C 01 Sep 2026 09:50:17.882 * DB saved on disk
623:C 01 Sep 2026 09:50:17.882 * Fork CoW for RDB: current 0 MB, peak 0 MB, average 0 MB
45:M 01 Sep 2026 09:50:17.981 * Background saving terminated with success
45:M 01 Sep 2026 10:07:22.944 * 100 changes in 300 seconds. Saving...
45:M 01 Sep 2026 10:07:22.950 * Background saving started by pid 625
625:C 01 Sep 2026 10:07:22.952 * BGSAVE done, 10 keys saved, 0 keys skipped, 7195 bytes written.
625:C 01 Sep 2026 10:07:22.955 * DB saved on disk
625:C 01 Sep 2026 10:07:22.955 * Fork CoW for RDB: current 0 MB, peak 0 MB, average 0 MB
45:M 01 Sep 2026 10:07:23.065 * Background saving terminated with success
45:M 01 Sep 2026 10:12:47.879 * 100 changes in 300 seconds. Saving...
45:M 01 Sep 2026 10:12:47.890 * Background saving started by pid 627
627:C 01 Sep 2026 10:12:47.892 * BGSAVE done, 8 keys saved, 0 keys skipped, 3694 bytes written.
627:C 01 Sep 2026 10:12:47.894 * DB saved on disk
627:C 01 Sep 2026 10:12:47.894 * Fork CoW for RDB: current 0 MB, peak 0 MB, average 0 MB
45:M 01 Sep 2026 10:12:48.002 * Background saving terminated with success
45:M 01 Sep 2026 10:31:46.569 * 100 changes in 300 seconds. Saving...
45:M 01 Sep 2026 10:31:46.578 * Background saving started by pid 629
629:C 01 Sep 2026 10:31:46.580 * BGSAVE done, 8 keys saved, 0 keys skipped, 3694 bytes written.
629:C 01 Sep 2026 10:31:46.583 * DB saved on disk
629:C 01 Sep 2026 10:31:46.583 * Fork CoW for RDB: current 0 MB, peak 0 MB, average 0 MB
45:M 01 Sep 2026 10:31:46.678 * Background saving terminated with success
45:M 01 Sep 2026 10:36:47.002 * 100 changes in 300 seconds. Saving...
45:M 01 Sep 2026 10:36:47.013 * Background saving started by pid 630
630:C 01 Sep 2026 10:36:47.015 * BGSAVE done, 10 keys saved, 0 keys skipped, 6196 bytes written.
630:C 01 Sep 2026 10:36:47.018 * DB saved on disk
630:C 01 Sep 2026 10:36:47.018 * Fork CoW for RDB: current 0 MB, peak 0 MB, average 0 MB
45:M 01 Sep 2026 10:36:47.127 * Background saving terminated with success
45:M 01 Sep 2026 10:50:25.529 * 100 changes in 300 seconds. Saving...
45:M 01 Sep 2026 10:50:25.534 * Background saving started by pid 632
632:C 01 Sep 2026 10:50:25.536 * BGSAVE done, 10 keys saved, 0 keys skipped, 15873 bytes written.
632:C 01 Sep 2026 10:50:25.537 * DB saved on disk
632:C 01 Sep 2026 10:50:25.537 * Fork CoW for RDB: current 0 MB, peak 0 MB, average 0 MB
45:M 01 Sep 2026 10:50:25.640 * Background saving terminated with success
45:M 01 Sep 2026 11:10:45.413 * 100 changes in 300 seconds. Saving...
45:M 01 Sep 2026 11:10:45.421 * Background saving started by pid 634
634:C 01 Sep 2026 11:10:45.423 * BGSAVE done, 10 keys saved, 0 keys skipped, 19048 bytes written.
634:C 01 Sep 2026 11:10:45.424 * DB saved on disk
634:C 01 Sep 2026 11:10:45.425 * Fork CoW for RDB: current 0 MB, peak 0 MB, average 0 MB
45:M 01 Sep 2026 11:10:45.522 * Background saving terminated with success
45:M 01 Sep 2026 11:18:47.880 * 100 changes in 300 seconds. Saving...
45:M 01 Sep 2026 11:18:47.885 * Background saving started by pid 636
636:C 01 Sep 2026 11:18:47.887 * BGSAVE done, 8 keys saved, 0 keys skipped, 3694 bytes written.
636:C 01 Sep 2026 11:18:47.888 * DB saved on disk
636:C 01 Sep 2026 11:18:47.888 * Fork CoW for RDB: current 0 MB, peak 0 MB, average 0 MB
45:M 01 Sep 2026 11:18:47.991 * Background saving terminated with success
45:M 01 Sep 2026 11:38:05.752 * 100 changes in 300 seconds. Saving...
45:M 01 Sep 2026 11:38:05.764 * Background saving started by pid 638
638:C 01 Sep 2026 11:38:05.767 * BGSAVE done, 8 keys saved, 0 keys skipped, 3694 bytes written.
638:C 01 Sep 2026 11:38:05.768 * DB saved on disk
638:C 01 Sep 2026 11:38:05.768 * Fork CoW for RDB: current 0 MB, peak 0 MB, average 0 MB
45:M 01 Sep 2026 11:38:05.877 * Background saving terminated with success
45:M 01 Sep 2026 11:59:17.913 * 100 changes in 300 seconds. Saving...
45:M 01 Sep 2026 11:59:17.922 * Background saving started by pid 641
641:C 01 Sep 2026 11:59:17.923 * BGSAVE done, 8 keys saved, 0 keys skipped, 3694 bytes written.
641:C 01 Sep 2026 11:59:17.925 * DB saved on disk
641:C 01 Sep 2026 11:59:17.925 * Fork CoW for RDB: current 0 MB, peak 0 MB, average 0 MB
45:M 01 Sep 2026 11:59:18.024 * Background saving terminated with success
45:M 01 Sep 2026 12:22:17.912 * 100 changes in 300 seconds. Saving...
45:M 01 Sep 2026 12:22:17.920 * Background saving started by pid 643
643:C 01 Sep 2026 12:22:17.922 * BGSAVE done, 8 keys saved, 0 keys skipped, 3694 bytes written.
643:C 01 Sep 2026 12:22:17.923 * DB saved on disk
643:C 01 Sep 2026 12:22:17.923 * Fork CoW for RDB: current 0 MB, peak 0 MB, average 0 MB
45:M 01 Sep 2026 12:22:18.022 * Background saving terminated with success
45:M 01 Sep 2026 12:45:17.951 * 100 changes in 300 seconds. Saving...
45:M 01 Sep 2026 12:45:17.961 * Background saving started by pid 646
646:C 01 Sep 2026 12:45:17.964 * BGSAVE done, 8 keys saved, 0 keys skipped, 3694 bytes written.
646:C 01 Sep 2026 12:45:17.967 * DB saved on disk
646:C 01 Sep 2026 12:45:17.967 * Fork CoW for RDB: current 0 MB, peak 0 MB, average 0 MB
45:M 01 Sep 2026 12:45:18.075 * Background saving terminated with success
45:M 01 Sep 2026 13:08:17.910 * 100 changes in 300 seconds. Saving...
45:M 01 Sep 2026 13:08:17.918 * Background saving started by pid 648
648:C 01 Sep 2026 13:08:17.920 * BGSAVE done, 8 keys saved, 0 keys skipped, 3694 bytes written.
648:C 01 Sep 2026 13:08:17.921 * DB saved on disk
648:C 01 Sep 2026 13:08:17.921 * Fork CoW for RDB: current 0 MB, peak 0 MB, average 0 MB
45:M 01 Sep 2026 13:08:18.032 * Background saving terminated with success
45:M 01 Sep 2026 13:29:47.918 * 100 changes in 300 seconds. Saving...
45:M 01 Sep 2026 13:29:47.926 * Background saving started by pid 651
651:C 01 Sep 2026 13:29:47.928 * BGSAVE done, 8 keys saved, 0 keys skipped, 3694 bytes written.
651:C 01 Sep 2026 13:29:47.929 * DB saved on disk
651:C 01 Sep 2026 13:29:47.929 * Fork CoW for RDB: current 0 MB, peak 0 MB, average 0 MB
45:M 01 Sep 2026 13:29:48.027 * Background saving terminated with success
45:M 01 Sep 2026 13:50:17.878 * 100 changes in 300 seconds. Saving...
45:M 01 Sep 2026 13:50:17.887 * Background saving started by pid 653
653:C 01 Sep 2026 13:50:17.889 * BGSAVE done, 8 keys saved, 0 keys skipped, 3694 bytes written.
653:C 01 Sep 2026 13:50:17.890 * DB saved on disk
653:C 01 Sep 2026 13:50:17.890 * Fork CoW for RDB: current 0 MB, peak 0 MB, average 0 MB
45:M 01 Sep 2026 13:50:18.002 * Background saving terminated with success
45:M 01 Sep 2026 13:58:47.906 * 100 changes in 300 seconds. Saving...
45:M 01 Sep 2026 13:58:47.910 * Background saving started by pid 655
655:C 01 Sep 2026 13:58:47.912 * BGSAVE done, 8 keys saved, 0 keys skipped, 3694 bytes written.
655:C 01 Sep 2026 13:58:47.914 * DB saved on disk
655:C 01 Sep 2026 13:58:47.914 * Fork CoW for RDB: current 0 MB, peak 0 MB, average 0 MB
45:M 01 Sep 2026 13:58:48.013 * Background saving terminated with success
45:M 01 Sep 2026 14:10:42.675 * 100 changes in 300 seconds. Saving...
45:M 01 Sep 2026 14:10:42.685 * Background saving started by pid 656
656:C 01 Sep 2026 14:10:42.687 * BGSAVE done, 10 keys saved, 0 keys skipped, 5487 bytes written.
656:C 01 Sep 2026 14:10:42.690 * DB saved on disk
656:C 01 Sep 2026 14:10:42.690 * Fork CoW for RDB: current 0 MB, peak 0 MB, average 0 MB
45:M 01 Sep 2026 14:10:42.799 * Background saving terminated with success
45:M 01 Sep 2026 14:32:47.913 * 100 changes in 300 seconds. Saving...
45:M 01 Sep 2026 14:32:47.922 * Background saving started by pid 659
659:C 01 Sep 2026 14:32:47.924 * BGSAVE done, 8 keys saved, 0 keys skipped, 3694 bytes written.
659:C 01 Sep 2026 14:32:47.925 * DB saved on disk
659:C 01 Sep 2026 14:32:47.925 * Fork CoW for RDB: current 0 MB, peak 0 MB, average 0 MB
45:M 01 Sep 2026 14:32:48.037 * Background saving terminated with success
45:M 01 Sep 2026 14:55:47.950 * 100 changes in 300 seconds. Saving...
45:M 01 Sep 2026 14:55:47.959 * Background saving started by pid 661
661:C 01 Sep 2026 14:55:47.961 * BGSAVE done, 8 keys saved, 0 keys skipped, 3694 bytes written.
661:C 01 Sep 2026 14:55:47.964 * DB saved on disk
661:C 01 Sep 2026 14:55:47.964 * Fork CoW for RDB: current 0 MB, peak 0 MB, average 0 MB
45:M 01 Sep 2026 14:55:48.075 * Background saving terminated with success
45:M 01 Sep 2026 15:20:47.905 * 100 changes in 300 seconds. Saving...
45:M 01 Sep 2026 15:20:47.913 * Background saving started by pid 664
664:C 01 Sep 2026 15:20:47.915 * BGSAVE done, 8 keys saved, 0 keys skipped, 3694 bytes written.
664:C 01 Sep 2026 15:20:47.916 * DB saved on disk
664:C 01 Sep 2026 15:20:47.916 * Fork CoW for RDB: current 0 MB, peak 0 MB, average 0 MB
45:M 01 Sep 2026 15:20:48.015 * Background saving terminated with success
45:M 01 Sep 2026 15:45:17.867 * 100 changes in 300 seconds. Saving...
45:M 01 Sep 2026 15:45:17.878 * Background saving started by pid 667
667:C 01 Sep 2026 15:45:17.880 * BGSAVE done, 8 keys saved, 0 keys skipped, 3694 bytes written.
667:C 01 Sep 2026 15:45:17.881 * DB saved on disk
667:C 01 Sep 2026 15:45:17.881 * Fork CoW for RDB: current 0 MB, peak 0 MB, average 0 MB
45:M 01 Sep 2026 15:45:17.992 * Background saving terminated with success
45:M 01 Sep 2026 15:59:13.469 * 100 changes in 300 seconds. Saving...
45:M 01 Sep 2026 15:59:13.477 * Background saving started by pid 669
669:C 01 Sep 2026 15:59:13.479 * BGSAVE done, 10 keys saved, 0 keys skipped, 5836 bytes written.
669:C 01 Sep 2026 15:59:13.480 * DB saved on disk
669:C 01 Sep 2026 15:59:13.480 * Fork CoW for RDB: current 0 MB, peak 0 MB, average 0 MB
45:M 01 Sep 2026 15:59:13.592 * Background saving terminated with success
45:M 01 Sep 2026 16:11:17.862 * 100 changes in 300 seconds. Saving...
45:M 01 Sep 2026 16:11:17.871 * Background saving started by pid 670
670:C 01 Sep 2026 16:11:17.873 * BGSAVE done, 8 keys saved, 0 keys skipped, 3694 bytes written.
670:C 01 Sep 2026 16:11:17.874 * DB saved on disk
670:C 01 Sep 2026 16:11:17.874 * Fork CoW for RDB: current 0 MB, peak 0 MB, average 0 MB
45:M 01 Sep 2026 16:11:17.985 * Background saving terminated with success
45:M 01 Sep 2026 16:35:58.992 * 100 changes in 300 seconds. Saving...
45:M 01 Sep 2026 16:35:59.000 * Background saving started by pid 673
673:C 01 Sep 2026 16:35:59.002 * BGSAVE done, 8 keys saved, 0 keys skipped, 3694 bytes written.
673:C 01 Sep 2026 16:35:59.003 * DB saved on disk
673:C 01 Sep 2026 16:35:59.003 * Fork CoW for RDB: current 0 MB, peak 0 MB, average 0 MB
45:M 01 Sep 2026 16:35:59.101 * Background saving terminated with success
45:M 01 Sep 2026 16:56:17.862 * 100 changes in 300 seconds. Saving...
45:M 01 Sep 2026 16:56:17.871 * Background saving started by pid 675
675:C 01 Sep 2026 16:56:17.873 * BGSAVE done, 8 keys saved, 0 keys skipped, 3694 bytes written.
675:C 01 Sep 2026 16:56:17.875 * DB saved on disk
675:C 01 Sep 2026 16:56:17.875 * Fork CoW for RDB: current 0 MB, peak 0 MB, average 0 MB
45:M 01 Sep 2026 16:56:17.985 * Background saving terminated with success
45:M 01 Sep 2026 17:21:17.861 * 100 changes in 300 seconds. Saving...
45:M 01 Sep 2026 17:21:17.866 * Background saving started by pid 678
678:C 01 Sep 2026 17:21:17.868 * BGSAVE done, 8 keys saved, 0 keys skipped, 3694 bytes written.
678:C 01 Sep 2026 17:21:17.869 * DB saved on disk
678:C 01 Sep 2026 17:21:17.869 * Fork CoW for RDB: current 0 MB, peak 0 MB, average 0 MB
45:M 01 Sep 2026 17:21:17.972 * Background saving terminated with success
45:M 01 Sep 2026 17:45:47.945 * 100 changes in 300 seconds. Saving...
45:M 01 Sep 2026 17:45:47.954 * Background saving started by pid 681
681:C 01 Sep 2026 17:45:47.956 * BGSAVE done, 8 keys saved, 0 keys skipped, 3694 bytes written.
681:C 01 Sep 2026 17:45:47.959 * DB saved on disk
681:C 01 Sep 2026 17:45:47.959 * Fork CoW for RDB: current 0 MB, peak 0 MB, average 0 MB
45:M 01 Sep 2026 17:45:48.056 * Background saving terminated with success
45:M 01 Sep 2026 18:10:47.884 * 100 changes in 300 seconds. Saving...
45:M 01 Sep 2026 18:10:47.892 * Background saving started by pid 683
683:C 01 Sep 2026 18:10:47.895 * BGSAVE done, 8 keys saved, 0 keys skipped, 3694 bytes written.
683:C 01 Sep 2026 18:10:47.896 * DB saved on disk
683:C 01 Sep 2026 18:10:47.896 * Fork CoW for RDB: current 0 MB, peak 0 MB, average 0 MB
45:M 01 Sep 2026 18:10:47.994 * Background saving terminated with success
45:M 01 Sep 2026 18:34:17.951 * 100 changes in 300 seconds. Saving...
45:M 01 Sep 2026 18:34:17.959 * Background saving started by pid 686
686:C 01 Sep 2026 18:34:17.961 * BGSAVE done, 8 keys saved, 0 keys skipped, 3694 bytes written.
686:C 01 Sep 2026 18:34:17.964 * DB saved on disk
686:C 01 Sep 2026 18:34:17.964 * Fork CoW for RDB: current 0 MB, peak 0 MB, average 0 MB
45:M 01 Sep 2026 18:34:18.062 * Background saving terminated with success
45:M 01 Sep 2026 18:55:17.906 * 100 changes in 300 seconds. Saving...
45:M 01 Sep 2026 18:55:17.916 * Background saving started by pid 688
688:C 01 Sep 2026 18:55:17.918 * BGSAVE done, 8 keys saved, 0 keys skipped, 3694 bytes written.
688:C 01 Sep 2026 18:55:17.919 * DB saved on disk
688:C 01 Sep 2026 18:55:17.919 * Fork CoW for RDB: current 0 MB, peak 0 MB, average 0 MB
45:M 01 Sep 2026 18:55:18.017 * Background saving terminated with success
45:M 01 Sep 2026 19:06:17.889 * 100 changes in 300 seconds. Saving...
45:M 01 Sep 2026 19:06:17.897 * Background saving started by pid 690
690:C 01 Sep 2026 19:06:17.899 * BGSAVE done, 8 keys saved, 0 keys skipped, 3694 bytes written.
690:C 01 Sep 2026 19:06:17.900 * DB saved on disk
690:C 01 Sep 2026 19:06:17.900 * Fork CoW for RDB: current 0 MB, peak 0 MB, average 0 MB
45:M 01 Sep 2026 19:06:17.998 * Background saving terminated with success
45:M 01 Sep 2026 19:23:10.668 * 100 changes in 300 seconds. Saving...
45:M 01 Sep 2026 19:23:10.677 * Background saving started by pid 692
692:C 01 Sep 2026 19:23:10.678 * BGSAVE done, 10 keys saved, 0 keys skipped, 6034 bytes written.
692:C 01 Sep 2026 19:23:10.679 * DB saved on disk
692:C 01 Sep 2026 19:23:10.679 * Fork CoW for RDB: current 0 MB, peak 0 MB, average 0 MB
45:M 01 Sep 2026 19:23:10.777 * Background saving terminated with success
45:M 01 Sep 2026 19:41:17.890 * 100 changes in 300 seconds. Saving...
45:M 01 Sep 2026 19:41:17.898 * Background saving started by pid 694
694:C 01 Sep 2026 19:41:17.900 * BGSAVE done, 8 keys saved, 0 keys skipped, 3694 bytes written.
694:C 01 Sep 2026 19:41:17.902 * DB saved on disk
694:C 01 Sep 2026 19:41:17.902 * Fork CoW for RDB: current 0 MB, peak 0 MB, average 0 MB
45:M 01 Sep 2026 19:41:18.000 * Background saving terminated with success
45:M 01 Sep 2026 20:00:47.870 * 100 changes in 300 seconds. Saving...
45:M 01 Sep 2026 20:00:47.875 * Background saving started by pid 697
697:C 01 Sep 2026 20:00:47.877 * BGSAVE done, 8 keys saved, 0 keys skipped, 3694 bytes written.
697:C 01 Sep 2026 20:00:47.878 * DB saved on disk
697:C 01 Sep 2026 20:00:47.878 * Fork CoW for RDB: current 0 MB, peak 0 MB, average 0 MB
45:M 01 Sep 2026 20:00:47.978 * Background saving terminated with success
45:M 01 Sep 2026 20:25:47.950 * 100 changes in 300 seconds. Saving...
45:M 01 Sep 2026 20:25:47.959 * Background saving started by pid 699
699:C 01 Sep 2026 20:25:47.961 * BGSAVE done, 8 keys saved, 0 keys skipped, 3694 bytes written.
699:C 01 Sep 2026 20:25:47.964 * DB saved on disk
699:C 01 Sep 2026 20:25:47.964 * Fork CoW for RDB: current 0 MB, peak 0 MB, average 0 MB
45:M 01 Sep 2026 20:25:48.071 * Background saving terminated with success
45:M 01 Sep 2026 20:50:17.922 * 100 changes in 300 seconds. Saving...
45:M 01 Sep 2026 20:50:17.930 * Background saving started by pid 702
702:C 01 Sep 2026 20:50:17.932 * BGSAVE done, 8 keys saved, 0 keys skipped, 3694 bytes written.
702:C 01 Sep 2026 20:50:17.933 * DB saved on disk
702:C 01 Sep 2026 20:50:17.933 * Fork CoW for RDB: current 0 MB, peak 0 MB, average 0 MB
45:M 01 Sep 2026 20:50:18.033 * Background saving terminated with success
45:M 01 Sep 2026 21:15:17.937 * 100 changes in 300 seconds. Saving...
45:M 01 Sep 2026 21:15:17.950 * Background saving started by pid 705
705:C 01 Sep 2026 21:15:17.952 * BGSAVE done, 8 keys saved, 0 keys skipped, 3694 bytes written.
705:C 01 Sep 2026 21:15:17.953 * DB saved on disk
705:C 01 Sep 2026 21:15:17.953 * Fork CoW for RDB: current 0 MB, peak 0 MB, average 0 MB
45:M 01 Sep 2026 21:15:18.063 * Background saving terminated with success
45:M 01 Sep 2026 21:39:47.873 * 100 changes in 300 seconds. Saving...
45:M 01 Sep 2026 21:39:47.885 * Background saving started by pid 707
707:C 01 Sep 2026 21:39:47.887 * BGSAVE done, 8 keys saved, 0 keys skipped, 3694 bytes written.
707:C 01 Sep 2026 21:39:47.887 * DB saved on disk
707:C 01 Sep 2026 21:39:47.888 * Fork CoW for RDB: current 0 MB, peak 0 MB, average 0 MB
45:M 01 Sep 2026 21:39:48.000 * Background saving terminated with success
45:M 01 Sep 2026 22:04:47.958 * 100 changes in 300 seconds. Saving...
45:M 01 Sep 2026 22:04:47.971 * Background saving started by pid 710
710:C 01 Sep 2026 22:04:47.973 * BGSAVE done, 8 keys saved, 0 keys skipped, 3694 bytes written.
710:C 01 Sep 2026 22:04:47.976 * DB saved on disk
710:C 01 Sep 2026 22:04:47.976 * Fork CoW for RDB: current 0 MB, peak 0 MB, average 0 MB
45:M 01 Sep 2026 22:04:48.085 * Background saving terminated with success
45:M 01 Sep 2026 22:29:47.927 * 100 changes in 300 seconds. Saving...
45:M 01 Sep 2026 22:29:47.948 * Background saving started by pid 713
713:C 01 Sep 2026 22:29:47.953 * BGSAVE done, 8 keys saved, 0 keys skipped, 3694 bytes written.
713:C 01 Sep 2026 22:29:47.957 * DB saved on disk
713:C 01 Sep 2026 22:29:47.957 * Fork CoW for RDB: current 0 MB, peak 0 MB, average 0 MB
45:M 01 Sep 2026 22:29:48.053 * Background saving terminated with success
45:M 01 Sep 2026 22:54:17.932 * 100 changes in 300 seconds. Saving...
45:M 01 Sep 2026 22:54:17.940 * Background saving started by pid 715
715:C 01 Sep 2026 22:54:17.942 * BGSAVE done, 8 keys saved, 0 keys skipped, 3694 bytes written.
715:C 01 Sep 2026 22:54:17.943 * DB saved on disk
715:C 01 Sep 2026 22:54:17.943 * Fork CoW for RDB: current 0 MB, peak 0 MB, average 0 MB
45:M 01 Sep 2026 22:54:18.055 * Background saving terminated with success
45:M 01 Sep 2026 23:19:17.936 * 100 changes in 300 seconds. Saving...
45:M 01 Sep 2026 23:19:17.944 * Background saving started by pid 718
718:C 01 Sep 2026 23:19:17.946 * BGSAVE done, 8 keys saved, 0 keys skipped, 3694 bytes written.
718:C 01 Sep 2026 23:19:17.947 * DB saved on disk
718:C 01 Sep 2026 23:19:17.947 * Fork CoW for RDB: current 0 MB, peak 0 MB, average 0 MB
45:M 01 Sep 2026 23:19:18.045 * Background saving terminated with success
45:M 01 Sep 2026 23:43:47.935 * 100 changes in 300 seconds. Saving...
45:M 01 Sep 2026 23:43:47.943 * Background saving started by pid 728
728:C 01 Sep 2026 23:43:47.946 * BGSAVE done, 8 keys saved, 0 keys skipped, 3694 bytes written.
728:C 01 Sep 2026 23:43:47.947 * DB saved on disk
728:C 01 Sep 2026 23:43:47.947 * Fork CoW for RDB: current 0 MB, peak 0 MB, average 0 MB
45:M 01 Sep 2026 23:43:48.059 * Background saving terminated with success
45:M 02 Sep 2026 00:08:47.875 * 100 changes in 300 seconds. Saving...
45:M 02 Sep 2026 00:08:47.883 * Background saving started by pid 730
730:C 02 Sep 2026 00:08:47.885 * BGSAVE done, 8 keys saved, 0 keys skipped, 3694 bytes written.
730:C 02 Sep 2026 00:08:47.886 * DB saved on disk
730:C 02 Sep 2026 00:08:47.886 * Fork CoW for RDB: current 0 MB, peak 0 MB, average 0 MB
45:M 02 Sep 2026 00:08:47.984 * Background saving terminated with success
45:M 02 Sep 2026 00:33:47.875 * 100 changes in 300 seconds. Saving...
45:M 02 Sep 2026 00:33:47.884 * Background saving started by pid 733
733:C 02 Sep 2026 00:33:47.886 * BGSAVE done, 8 keys saved, 0 keys skipped, 3694 bytes written.
733:C 02 Sep 2026 00:33:47.886 * DB saved on disk
733:C 02 Sep 2026 00:33:47.887 * Fork CoW for RDB: current 0 MB, peak 0 MB, average 0 MB
45:M 02 Sep 2026 00:33:47.999 * Background saving terminated with success
45:M 02 Sep 2026 00:58:17.942 * 100 changes in 300 seconds. Saving...
45:M 02 Sep 2026 00:58:17.947 * Background saving started by pid 736
736:C 02 Sep 2026 00:58:17.949 * BGSAVE done, 8 keys saved, 0 keys skipped, 3694 bytes written.
736:C 02 Sep 2026 00:58:17.950 * DB saved on disk
736:C 02 Sep 2026 00:58:17.950 * Fork CoW for RDB: current 0 MB, peak 0 MB, average 0 MB
45:M 02 Sep 2026 00:58:18.051 * Background saving terminated with success
45:M 02 Sep 2026 01:23:17.893 * 100 changes in 300 seconds. Saving...
45:M 02 Sep 2026 01:23:17.903 * Background saving started by pid 738
738:C 02 Sep 2026 01:23:17.905 * BGSAVE done, 8 keys saved, 0 keys skipped, 3694 bytes written.
738:C 02 Sep 2026 01:23:17.906 * DB saved on disk
738:C 02 Sep 2026 01:23:17.906 * Fork CoW for RDB: current 0 MB, peak 0 MB, average 0 MB
45:M 02 Sep 2026 01:23:18.017 * Background saving terminated with success
45:M 02 Sep 2026 01:47:47.892 * 100 changes in 300 seconds. Saving...
45:M 02 Sep 2026 01:47:47.901 * Background saving started by pid 741
741:C 02 Sep 2026 01:47:47.903 * BGSAVE done, 8 keys saved, 0 keys skipped, 3694 bytes written.
741:C 02 Sep 2026 01:47:47.904 * DB saved on disk
741:C 02 Sep 2026 01:47:47.904 * Fork CoW for RDB: current 0 MB, peak 0 MB, average 0 MB
45:M 02 Sep 2026 01:47:48.001 * Background saving terminated with success
45:M 02 Sep 2026 02:12:47.883 * 100 changes in 300 seconds. Saving...
45:M 02 Sep 2026 02:12:47.893 * Background saving started by pid 743
743:C 02 Sep 2026 02:12:47.895 * BGSAVE done, 8 keys saved, 0 keys skipped, 3694 bytes written.
743:C 02 Sep 2026 02:12:47.896 * DB saved on disk
743:C 02 Sep 2026 02:12:47.896 * Fork CoW for RDB: current 0 MB, peak 0 MB, average 0 MB
45:M 02 Sep 2026 02:12:48.008 * Background saving terminated with success
45:M 02 Sep 2026 02:37:47.889 * 100 changes in 300 seconds. Saving...
45:M 02 Sep 2026 02:37:47.899 * Background saving started by pid 746
746:C 02 Sep 2026 02:37:47.903 * BGSAVE done, 8 keys saved, 0 keys skipped, 3694 bytes written.
746:C 02 Sep 2026 02:37:47.904 * DB saved on disk
746:C 02 Sep 2026 02:37:47.904 * Fork CoW for RDB: current 0 MB, peak 0 MB, average 0 MB
45:M 02 Sep 2026 02:37:48.013 * Background saving terminated with success
45:M 02 Sep 2026 03:02:17.872 * 100 changes in 300 seconds. Saving...
45:M 02 Sep 2026 03:02:17.880 * Background saving started by pid 749
749:C 02 Sep 2026 03:02:17.882 * BGSAVE done, 8 keys saved, 0 keys skipped, 3694 bytes written.
749:C 02 Sep 2026 03:02:17.883 * DB saved on disk
749:C 02 Sep 2026 03:02:17.883 * Fork CoW for RDB: current 0 MB, peak 0 MB, average 0 MB
45:M 02 Sep 2026 03:02:17.982 * Background saving terminated with success
45:M 02 Sep 2026 03:27:17.861 * 100 changes in 300 seconds. Saving...
45:M 02 Sep 2026 03:27:17.872 * Background saving started by pid 751
751:C 02 Sep 2026 03:27:17.875 * BGSAVE done, 8 keys saved, 0 keys skipped, 3694 bytes written.
751:C 02 Sep 2026 03:27:17.876 * DB saved on disk
751:C 02 Sep 2026 03:27:17.876 * Fork CoW for RDB: current 0 MB, peak 0 MB, average 0 MB
45:M 02 Sep 2026 03:27:17.984 * Background saving terminated with success
45:M 02 Sep 2026 03:51:47.927 * 100 changes in 300 seconds. Saving...
45:M 02 Sep 2026 03:51:47.939 * Background saving started by pid 754
754:C 02 Sep 2026 03:51:47.941 * BGSAVE done, 8 keys saved, 0 keys skipped, 3694 bytes written.
754:C 02 Sep 2026 03:51:47.942 * DB saved on disk
754:C 02 Sep 2026 03:51:47.942 * Fork CoW for RDB: current 0 MB, peak 0 MB, average 0 MB
45:M 02 Sep 2026 03:51:48.053 * Background saving terminated with success
45:M 02 Sep 2026 04:16:47.958 * 100 changes in 300 seconds. Saving...
45:M 02 Sep 2026 04:16:47.966 * Background saving started by pid 757
757:C 02 Sep 2026 04:16:47.968 * BGSAVE done, 8 keys saved, 0 keys skipped, 3694 bytes written.
757:C 02 Sep 2026 04:16:47.971 * DB saved on disk
757:C 02 Sep 2026 04:16:47.971 * Fork CoW for RDB: current 0 MB, peak 0 MB, average 0 MB
45:M 02 Sep 2026 04:16:48.067 * Background saving terminated with success
45:M 02 Sep 2026 04:41:17.921 * 100 changes in 300 seconds. Saving...
45:M 02 Sep 2026 04:41:17.927 * Background saving started by pid 759
759:C 02 Sep 2026 04:41:17.929 * BGSAVE done, 8 keys saved, 0 keys skipped, 3694 bytes written.
759:C 02 Sep 2026 04:41:17.930 * DB saved on disk
759:C 02 Sep 2026 04:41:17.930 * Fork CoW for RDB: current 0 MB, peak 0 MB, average 0 MB
45:M 02 Sep 2026 04:41:18.031 * Background saving terminated with success
45:M 02 Sep 2026 05:06:17.897 * 100 changes in 300 seconds. Saving...
45:M 02 Sep 2026 05:06:17.904 * Background saving started by pid 762
762:C 02 Sep 2026 05:06:17.905 * BGSAVE done, 8 keys saved, 0 keys skipped, 3694 bytes written.
762:C 02 Sep 2026 05:06:17.907 * DB saved on disk
762:C 02 Sep 2026 05:06:17.907 * Fork CoW for RDB: current 0 MB, peak 0 MB, average 0 MB
45:M 02 Sep 2026 05:06:18.008 * Background saving terminated with success
45:M 02 Sep 2026 05:31:17.953 * 100 changes in 300 seconds. Saving...
45:M 02 Sep 2026 05:31:17.961 * Background saving started by pid 765
765:C 02 Sep 2026 05:31:17.963 * BGSAVE done, 8 keys saved, 0 keys skipped, 3694 bytes written.
765:C 02 Sep 2026 05:31:17.966 * DB saved on disk
765:C 02 Sep 2026 05:31:17.966 * Fork CoW for RDB: current 0 MB, peak 0 MB, average 0 MB
45:M 02 Sep 2026 05:31:18.063 * Background saving terminated with success
45:M 02 Sep 2026 05:55:47.952 * 100 changes in 300 seconds. Saving...
45:M 02 Sep 2026 05:55:47.958 * Background saving started by pid 767
767:C 02 Sep 2026 05:55:47.961 * BGSAVE done, 8 keys saved, 0 keys skipped, 3694 bytes written.
767:C 02 Sep 2026 05:55:47.964 * DB saved on disk
767:C 02 Sep 2026 05:55:47.964 * Fork CoW for RDB: current 0 MB, peak 0 MB, average 0 MB
45:M 02 Sep 2026 05:55:48.061 * Background saving terminated with success
45:M 02 Sep 2026 06:20:47.918 * 100 changes in 300 seconds. Saving...
45:M 02 Sep 2026 06:20:47.926 * Background saving started by pid 770
770:C 02 Sep 2026 06:20:47.928 * BGSAVE done, 8 keys saved, 0 keys skipped, 3694 bytes written.
770:C 02 Sep 2026 06:20:47.928 * DB saved on disk
770:C 02 Sep 2026 06:20:47.929 * Fork CoW for RDB: current 0 MB, peak 0 MB, average 0 MB
45:M 02 Sep 2026 06:20:48.028 * Background saving terminated with success
45:M 02 Sep 2026 06:45:17.922 * 100 changes in 300 seconds. Saving...
45:M 02 Sep 2026 06:45:17.928 * Background saving started by pid 773
773:C 02 Sep 2026 06:45:17.929 * BGSAVE done, 8 keys saved, 0 keys skipped, 3694 bytes written.
773:C 02 Sep 2026 06:45:17.931 * DB saved on disk
773:C 02 Sep 2026 06:45:17.931 * Fork CoW for RDB: current 0 MB, peak 0 MB, average 0 MB
45:M 02 Sep 2026 06:45:18.031 * Background saving terminated with success
45:M 02 Sep 2026 07:10:17.872 * 100 changes in 300 seconds. Saving...
45:M 02 Sep 2026 07:10:17.881 * Background saving started by pid 775
775:C 02 Sep 2026 07:10:17.883 * BGSAVE done, 8 keys saved, 0 keys skipped, 3694 bytes written.
775:C 02 Sep 2026 07:10:17.884 * DB saved on disk
775:C 02 Sep 2026 07:10:17.884 * Fork CoW for RDB: current 0 MB, peak 0 MB, average 0 MB
45:M 02 Sep 2026 07:10:17.997 * Background saving terminated with success
45:M 02 Sep 2026 07:35:17.935 * 100 changes in 300 seconds. Saving...
45:M 02 Sep 2026 07:35:17.943 * Background saving started by pid 778
778:C 02 Sep 2026 07:35:17.945 * BGSAVE done, 8 keys saved, 0 keys skipped, 3694 bytes written.
778:C 02 Sep 2026 07:35:17.946 * DB saved on disk
778:C 02 Sep 2026 07:35:17.946 * Fork CoW for RDB: current 0 MB, peak 0 MB, average 0 MB
45:M 02 Sep 2026 07:35:18.046 * Background saving terminated with success
45:M 02 Sep 2026 07:59:47.961 * 100 changes in 300 seconds. Saving...
45:M 02 Sep 2026 07:59:47.969 * Background saving started by pid 781
781:C 02 Sep 2026 07:59:47.971 * BGSAVE done, 8 keys saved, 0 keys skipped, 3694 bytes written.
781:C 02 Sep 2026 07:59:47.974 * DB saved on disk
781:C 02 Sep 2026 07:59:47.974 * Fork CoW for RDB: current 0 MB, peak 0 MB, average 0 MB
45:M 02 Sep 2026 07:59:48.071 * Background saving terminated with success
45:M 02 Sep 2026 08:22:47.961 * 100 changes in 300 seconds. Saving...
45:M 02 Sep 2026 08:22:47.968 * Background saving started by pid 783
783:C 02 Sep 2026 08:22:47.970 * BGSAVE done, 8 keys saved, 0 keys skipped, 3694 bytes written.
783:C 02 Sep 2026 08:22:47.974 * DB saved on disk
783:C 02 Sep 2026 08:22:47.974 * Fork CoW for RDB: current 0 MB, peak 0 MB, average 0 MB
45:M 02 Sep 2026 08:22:48.083 * Background saving terminated with success
45:M 02 Sep 2026 08:27:49.032 * 100 changes in 300 seconds. Saving...
45:M 02 Sep 2026 08:27:49.040 * Background saving started by pid 784
784:C 02 Sep 2026 08:27:49.042 * BGSAVE done, 8 keys saved, 0 keys skipped, 3694 bytes written.
784:C 02 Sep 2026 08:27:49.045 * DB saved on disk
784:C 02 Sep 2026 08:27:49.045 * Fork CoW for RDB: current 0 MB, peak 0 MB, average 0 MB
45:M 02 Sep 2026 08:27:49.141 * Background saving terminated with success
45:M 02 Sep 2026 08:52:17.956 * 100 changes in 300 seconds. Saving...
45:M 02 Sep 2026 08:52:17.962 * Background saving started by pid 787
787:C 02 Sep 2026 08:52:17.964 * BGSAVE done, 8 keys saved, 0 keys skipped, 3694 bytes written.
787:C 02 Sep 2026 08:52:17.967 * DB saved on disk
787:C 02 Sep 2026 08:52:17.967 * Fork CoW for RDB: current 0 MB, peak 0 MB, average 0 MB
45:M 02 Sep 2026 08:52:18.066 * Background saving terminated with success
45:M 02 Sep 2026 09:17:17.906 * 100 changes in 300 seconds. Saving...
45:M 02 Sep 2026 09:17:17.916 * Background saving started by pid 790
790:C 02 Sep 2026 09:17:17.918 * BGSAVE done, 8 keys saved, 0 keys skipped, 3694 bytes written.
790:C 02 Sep 2026 09:17:17.919 * DB saved on disk
790:C 02 Sep 2026 09:17:17.919 * Fork CoW for RDB: current 0 MB, peak 0 MB, average 0 MB
45:M 02 Sep 2026 09:17:18.030 * Background saving terminated with success
45:M 02 Sep 2026 09:41:47.863 * 100 changes in 300 seconds. Saving...
45:M 02 Sep 2026 09:41:47.872 * Background saving started by pid 792
792:C 02 Sep 2026 09:41:47.874 * BGSAVE done, 8 keys saved, 0 keys skipped, 3694 bytes written.
792:C 02 Sep 2026 09:41:47.875 * DB saved on disk
792:C 02 Sep 2026 09:41:47.875 * Fork CoW for RDB: current 0 MB, peak 0 MB, average 0 MB
45:M 02 Sep 2026 09:41:47.973 * Background saving terminated with success
45:M 02 Sep 2026 10:06:47.957 * 100 changes in 300 seconds. Saving...
45:M 02 Sep 2026 10:06:47.966 * Background saving started by pid 795
795:C 02 Sep 2026 10:06:47.968 * BGSAVE done, 8 keys saved, 0 keys skipped, 3694 bytes written.
795:C 02 Sep 2026 10:06:47.971 * DB saved on disk
795:C 02 Sep 2026 10:06:47.971 * Fork CoW for RDB: current 0 MB, peak 0 MB, average 0 MB
45:M 02 Sep 2026 10:06:48.068 * Background saving terminated with success
45:M 02 Sep 2026 10:31:47.927 * 100 changes in 300 seconds. Saving...
45:M 02 Sep 2026 10:31:47.935 * Background saving started by pid 798
798:C 02 Sep 2026 10:31:47.937 * BGSAVE done, 8 keys saved, 0 keys skipped, 3694 bytes written.
798:C 02 Sep 2026 10:31:47.938 * DB saved on disk
798:C 02 Sep 2026 10:31:47.938 * Fork CoW for RDB: current 0 MB, peak 0 MB, average 0 MB
45:M 02 Sep 2026 10:31:48.035 * Background saving terminated with success
45:M 02 Sep 2026 10:54:17.935 * 100 changes in 300 seconds. Saving...
45:M 02 Sep 2026 10:54:17.939 * Background saving started by pid 800
800:C 02 Sep 2026 10:54:17.941 * BGSAVE done, 8 keys saved, 0 keys skipped, 3694 bytes written.
800:C 02 Sep 2026 10:54:17.942 * DB saved on disk
800:C 02 Sep 2026 10:54:17.942 * Fork CoW for RDB: current 0 MB, peak 0 MB, average 0 MB
45:M 02 Sep 2026 10:54:18.046 * Background saving terminated with success
45:M 02 Sep 2026 11:19:17.948 * 100 changes in 300 seconds. Saving...
45:M 02 Sep 2026 11:19:17.956 * Background saving started by pid 803
803:C 02 Sep 2026 11:19:17.958 * BGSAVE done, 8 keys saved, 0 keys skipped, 3694 bytes written.
803:C 02 Sep 2026 11:19:17.961 * DB saved on disk
803:C 02 Sep 2026 11:19:17.961 * Fork CoW for RDB: current 0 MB, peak 0 MB, average 0 MB
45:M 02 Sep 2026 11:19:18.071 * Background saving terminated with success
45:M 02 Sep 2026 11:43:47.907 * 100 changes in 300 seconds. Saving...
45:M 02 Sep 2026 11:43:47.916 * Background saving started by pid 805
805:C 02 Sep 2026 11:43:47.918 * BGSAVE done, 8 keys saved, 0 keys skipped, 3694 bytes written.
805:C 02 Sep 2026 11:43:47.918 * DB saved on disk
805:C 02 Sep 2026 11:43:47.919 * Fork CoW for RDB: current 0 MB, peak 0 MB, average 0 MB
45:M 02 Sep 2026 11:43:48.017 * Background saving terminated with success
45:M 02 Sep 2026 12:08:47.914 * 100 changes in 300 seconds. Saving...
45:M 02 Sep 2026 12:08:47.922 * Background saving started by pid 808
808:C 02 Sep 2026 12:08:47.923 * BGSAVE done, 8 keys saved, 0 keys skipped, 3694 bytes written.
808:C 02 Sep 2026 12:08:47.925 * DB saved on disk
808:C 02 Sep 2026 12:08:47.925 * Fork CoW for RDB: current 0 MB, peak 0 MB, average 0 MB
45:M 02 Sep 2026 12:08:48.025 * Background saving terminated with success
45:M 02 Sep 2026 12:33:47.900 * 100 changes in 300 seconds. Saving...
45:M 02 Sep 2026 12:33:47.910 * Background saving started by pid 811
811:C 02 Sep 2026 12:33:47.911 * BGSAVE done, 8 keys saved, 0 keys skipped, 3694 bytes written.
811:C 02 Sep 2026 12:33:47.912 * DB saved on disk
811:C 02 Sep 2026 12:33:47.912 * Fork CoW for RDB: current 0 MB, peak 0 MB, average 0 MB
45:M 02 Sep 2026 12:33:48.010 * Background saving terminated with success
45:M 02 Sep 2026 12:58:17.880 * 100 changes in 300 seconds. Saving...
45:M 02 Sep 2026 12:58:17.888 * Background saving started by pid 813
813:C 02 Sep 2026 12:58:17.890 * BGSAVE done, 8 keys saved, 0 keys skipped, 3694 bytes written.
813:C 02 Sep 2026 12:58:17.891 * DB saved on disk
813:C 02 Sep 2026 12:58:17.891 * Fork CoW for RDB: current 0 MB, peak 0 MB, average 0 MB
45:M 02 Sep 2026 12:58:18.004 * Background saving terminated with success
